,assembly_accession,organism_name,taxid,species_taxid,assembly_level,ftp_path,organism_name_taxdb,genus,family,superfamily,order,class,phylum
0,GCF_000018585.1,Prochlorococcus marinus str. MIT 9211,93059,1219,Chromosome,https://ftp.ncbi.nlm.nih.gov/genomes/all/GCF/000/018/585/GCF_000018585.1_ASM1858v1/GCF_000018585.1_ASM1858v1_protein.faa.gz,Prochlorococcus marinus str. MIT 9211,Prochlorococcus,Prochlorococcaceae,unknown,Synechococcales,unknown,Cyanobacteria
1,GCF_000317145.1,Chamaesiphon minutus PCC 6605,1173020,1173032,Chromosome,https://ftp.ncbi.nlm.nih.gov/genomes/all/GCF/000/317/145/GCF_000317145.1_ASM31714v1/GCF_000317145.1_ASM31714v1_protein.faa.gz,Chamaesiphon minutus PCC 6605,Chamaesiphon,Chamaesiphonaceae,unknown,Synechococcales,unknown,Cyanobacteria
2,GCF_000317535.1,Cylindrospermum stagnale PCC 7417,56107,142864,Chromosome,https://ftp.ncbi.nlm.nih.gov/genomes/all/GCF/000/317/535/GCF_000317535.1_ASM31753v1/GCF_000317535.1_ASM31753v1_protein.faa.gz,Cylindrospermum stagnale PCC 7417,Cylindrospermum,Nostocaceae,unknown,Nostocales,unknown,Cyanobacteria
3,GCF_000332235.1,Geminocystis herdmanii PCC 6308,113355,669359,Chromosome,https://ftp.ncbi.nlm.nih.gov/genomes/all/GCF/000/332/235/GCF_000332235.1_ASM33223v1/GCF_000332235.1_ASM33223v1_protein.faa.gz,Geminocystis herdmanii PCC 6308,Geminocystis,Chroococcaceae,unknown,Chroococcales,unknown,Cyanobacteria
4,GCF_000332275.1,Synechococcus sp. PCC 7336,195250,195250,Chromosome,https://ftp.ncbi.nlm.nih.gov/genomes/all/GCF/000/332/275/GCF_000332275.1_ASM33227v1/GCF_000332275.1_ASM33227v1_protein.faa.gz,Synechococcus sp. PCC 7336,Synechococcus,Synechococcaceae,unknown,Synechococcales,unknown,Cyanobacteria
5,GCF_000340565.2,Nodularia spumigena CCY9414,313624,70799,Chromosome,https://ftp.ncbi.nlm.nih.gov/genomes/all/GCF/000/340/565/GCF_000340565.2_ASM34056v3/GCF_000340565.2_ASM34056v3_protein.faa.gz,Nodularia spumigena CCY9414,Nodularia,Aphanizomenonaceae,unknown,Nostocales,unknown,Cyanobacteria
6,GCF_000505665.1,Thermosynechococcus sp. NK55a,1394889,1394889,Chromosome,https://ftp.ncbi.nlm.nih.gov/genomes/all/GCF/000/505/665/GCF_000505665.1_ASM50566v1/GCF_000505665.1_ASM50566v1_protein.faa.gz,Thermosynechococcus sp. NK55a,Thermosynechococcus,Thermosynechococcaceae,unknown,Pseudanabaenales,unknown,Cyanobacteria
7,GCF_000710505.1,Planktothrix agardhii NIVA-CYA 126/8,388467,1160,Chromosome,https://ftp.ncbi.nlm.nih.gov/genomes/all/GCF/000/710/505/GCF_000710505.1_Plagard2.0/GCF_000710505.1_Plagard2.0_protein.faa.gz,Planktothrix agardhii NIVA-CYA 126/8,Planktothrix,Microcoleaceae,unknown,Oscillatoriales,unknown,Cyanobacteria
8,GCF_000973065.1,Limnospira indica PCC 8005,376219,147322,Chromosome,https://ftp.ncbi.nlm.nih.gov/genomes/all/GCF/000/973/065/GCF_000973065.1_ASM97306v1/GCF_000973065.1_ASM97306v1_protein.faa.gz,Limnospira indica PCC 8005,Limnospira,Sirenicapillariaceae,unknown,Oscillatoriales,unknown,Cyanobacteria
9,GCF_001040845.1,Synechococcus sp. WH 8020,32052,32052,Chromosome,https://ftp.ncbi.nlm.nih.gov/genomes/all/GCF/001/040/845/GCF_001040845.1_ASM104084v1/GCF_001040845.1_ASM104084v1_protein.faa.gz,Synechococcus sp. WH 8020,Synechococcus,Synechococcaceae,unknown,Synechococcales,unknown,Cyanobacteria
10,GCF_001298445.1,Nostoc piscinale CENA21,224013,224012,Chromosome,https://ftp.ncbi.nlm.nih.gov/genomes/all/GCF/001/298/445/GCF_001298445.1_ASM129844v1/GCF_001298445.1_ASM129844v1_protein.faa.gz,Nostoc piscinale CENA21,Nostoc,Nostocaceae,unknown,Nostocales,unknown,Cyanobacteria
11,GCF_001854205.1,Moorena producens JHB,1454205,1155739,Chromosome,https://ftp.ncbi.nlm.nih.gov/genomes/all/GCF/001/854/205/GCF_001854205.1_ASM185420v1/GCF_001854205.1_ASM185420v1_protein.faa.gz,Moorena producens JHB,Moorena,Oscillatoriaceae,unknown,Oscillatoriales,unknown,Cyanobacteria
12,GCF_001870225.1,Gloeomargarita lithophora Alchichica-D10,1188229,1188228,Chromosome,https://ftp.ncbi.nlm.nih.gov/genomes/all/GCF/001/870/225/GCF_001870225.1_ASM187022v1/GCF_001870225.1_ASM187022v1_protein.faa.gz,Gloeomargarita lithophora Alchichica-D10,Gloeomargarita,Gloeomargaritaceae,unknown,Gloeomargaritales,unknown,Cyanobacteria
13,GCF_001989415.1,Prochlorococcus sp. RS50,1924285,1924285,Chromosome,https://ftp.ncbi.nlm.nih.gov/genomes/all/GCF/001/989/415/GCF_001989415.1_ASM198941v1/GCF_001989415.1_ASM198941v1_protein.faa.gz,Prochlorococcus sp. RS50,Prochlorococcus,Prochlorococcaceae,unknown,Synechococcales,unknown,Cyanobacteria
14,GCF_001989435.1,Prochlorococcus sp. RS01,1924286,1924286,Chromosome,https://ftp.ncbi.nlm.nih.gov/genomes/all/GCF/001/989/435/GCF_001989435.1_ASM198943v1/GCF_001989435.1_ASM198943v1_protein.faa.gz,Prochlorococcus sp. RS01,Prochlorococcus,Prochlorococcaceae,unknown,Synechococcales,unknown,Cyanobacteria
15,GCF_001989455.1,Prochlorococcus sp. RS04,1924287,1924287,Chromosome,https://ftp.ncbi.nlm.nih.gov/genomes/all/GCF/001/989/455/GCF_001989455.1_ASM198945v1/GCF_001989455.1_ASM198945v1_protein.faa.gz,Prochlorococcus sp. RS04,Prochlorococcus,Prochlorococcaceae,unknown,Synechococcales,unknown,Cyanobacteria
16,GCF_002367955.1,Anabaena cylindrica PCC 7122,272123,1165,Chromosome,https://ftp.ncbi.nlm.nih.gov/genomes/all/GCF/002/367/955/GCF_002367955.1_ASM236795v1/GCF_002367955.1_ASM236795v1_protein.faa.gz,Anabaena cylindrica PCC 7122,Anabaena,Nostocaceae,unknown,Nostocales,unknown,Cyanobacteria
17,GCF_000317695.1,Anabaena cylindrica PCC 7122,272123,1165,Complete Genome,https://ftp.ncbi.nlm.nih.gov/genomes/all/GCF/000/317/695/GCF_000317695.1_ASM31769v1/GCF_000317695.1_ASM31769v1_protein.faa.gz,Anabaena cylindrica PCC 7122,Anabaena,Nostocaceae,unknown,Nostocales,unknown,Cyanobacteria
18,GCF_002367975.1,Anabaenopsis circularis NIES-21,1085406,109266,Chromosome,https://ftp.ncbi.nlm.nih.gov/genomes/all/GCF/002/367/975/GCF_002367975.1_ASM236797v1/GCF_002367975.1_ASM236797v1_protein.faa.gz,Anabaenopsis circularis NIES-21,Anabaenopsis,Aphanizomenonaceae,unknown,Nostocales,unknown,Cyanobacteria
19,GCF_002367995.1,Calothrix brevissima NIES-22,1973478,938406,Chromosome,https://ftp.ncbi.nlm.nih.gov/genomes/all/GCF/002/367/995/GCF_002367995.1_ASM236799v1/GCF_002367995.1_ASM236799v1_protein.faa.gz,Calothrix brevissima NIES-22,Calothrix,Calotrichaceae,unknown,Nostocales,unknown,Cyanobacteria
20,GCF_002368015.1,Trichormus variabilis NIES-23,1973479,264691,Chromosome,https://ftp.ncbi.nlm.nih.gov/genomes/all/GCF/002/368/015/GCF_002368015.1_ASM236801v1/GCF_002368015.1_ASM236801v1_protein.faa.gz,Trichormus variabilis NIES-23,Trichormus,Nostocaceae,unknown,Nostocales,unknown,Cyanobacteria
21,GCF_002368035.1,Nostoc linckia NIES-25,1091006,92942,Chromosome,https://ftp.ncbi.nlm.nih.gov/genomes/all/GCF/002/368/035/GCF_002368035.1_ASM236803v1/GCF_002368035.1_ASM236803v1_protein.faa.gz,Nostoc linckia NIES-25,Nostoc,Nostocaceae,unknown,Nostocales,unknown,Cyanobacteria
22,GCF_002368075.1,Sphaerospermopsis kisseleviana NIES-73,1973480,289435,Chromosome,https://ftp.ncbi.nlm.nih.gov/genomes/all/GCF/002/368/075/GCF_002368075.1_ASM236807v1/GCF_002368075.1_ASM236807v1_protein.faa.gz,Sphaerospermopsis kisseleviana NIES-73,Sphaerospermopsis,Aphanizomenonaceae,unknown,Nostocales,unknown,Cyanobacteria
23,GCF_002368095.1,Calothrix parasitica NIES-267,1973488,1973486,Chromosome,https://ftp.ncbi.nlm.nih.gov/genomes/all/GCF/002/368/095/GCF_002368095.1_ASM236809v1/GCF_002368095.1_ASM236809v1_protein.faa.gz,Calothrix parasitica NIES-267,Calothrix,Calotrichaceae,unknown,Nostocales,unknown,Cyanobacteria
24,GCF_002368115.1,Dolichospermum compactum NIES-806,1973481,136073,Chromosome,https://ftp.ncbi.nlm.nih.gov/genomes/all/GCF/002/368/115/GCF_002368115.1_ASM236811v1/GCF_002368115.1_ASM236811v1_protein.faa.gz,Dolichospermum compactum NIES-806,Dolichospermum,Aphanizomenonaceae,unknown,Nostocales,unknown,Cyanobacteria
25,GCF_002368195.1,Calothrix sp. NIES-2100,1954172,1954172,Chromosome,https://ftp.ncbi.nlm.nih.gov/genomes/all/GCF/002/368/195/GCF_002368195.1_ASM236819v1/GCF_002368195.1_ASM236819v1_protein.faa.gz,Calothrix sp. NIES-2100,Calothrix,Calotrichaceae,unknown,Nostocales,unknown,Cyanobacteria
26,GCF_002368215.1,Nostoc sp. NIES-2111,1973475,1973475,Chromosome,https://ftp.ncbi.nlm.nih.gov/genomes/all/GCF/002/368/215/GCF_002368215.1_ASM236821v1/GCF_002368215.1_ASM236821v1_protein.faa.gz,Nostoc sp. NIES-2111,Nostoc,Nostocaceae,unknown,Nostocales,unknown,Cyanobacteria
27,GCF_002368235.1,Scytonema sp. HK-05,1137095,1137095,Chromosome,https://ftp.ncbi.nlm.nih.gov/genomes/all/GCF/002/368/235/GCF_002368235.1_ASM236823v1/GCF_002368235.1_ASM236823v1_protein.faa.gz,Scytonema sp. HK-05,Scytonema,Scytonemataceae,unknown,Nostocales,unknown,Cyanobacteria
28,GCF_002368295.1,Tolypothrix tenuis PCC 7101,231146,457083,Chromosome,https://ftp.ncbi.nlm.nih.gov/genomes/all/GCF/002/368/295/GCF_002368295.1_ASM236829v1/GCF_002368295.1_ASM236829v1_protein.faa.gz,Tolypothrix tenuis PCC 7101,Tolypothrix,Tolypothrichaceae,unknown,Nostocales,unknown,Cyanobacteria
29,GCF_002368315.1,Fischerella sp. NIES-4106,2005456,2005456,Chromosome,https://ftp.ncbi.nlm.nih.gov/genomes/all/GCF/002/368/315/GCF_002368315.1_ASM236831v1/GCF_002368315.1_ASM236831v1_protein.faa.gz,Fischerella sp. NIES-4106,Fischerella,Hapalosiphonaceae,unknown,Nostocales,unknown,Cyanobacteria
30,GCF_002368335.1,Nostoc sp. NIES-4103,2005458,2005458,Chromosome,https://ftp.ncbi.nlm.nih.gov/genomes/all/GCF/002/368/335/GCF_002368335.1_ASM236833v1/GCF_002368335.1_ASM236833v1_protein.faa.gz,Nostoc sp. NIES-4103,Nostoc,Nostocaceae,unknown,Nostocales,unknown,Cyanobacteria
31,GCF_002368415.1,Calothrix sp. NIES-4105,2005463,2005463,Chromosome,https://ftp.ncbi.nlm.nih.gov/genomes/all/GCF/002/368/415/GCF_002368415.1_ASM236841v1/GCF_002368415.1_ASM236841v1_protein.faa.gz,Calothrix sp. NIES-4105,Calothrix,Calotrichaceae,unknown,Nostocales,unknown,Cyanobacteria
32,GCF_002368435.1,Scytonema sp. NIES-4073,2005464,2005464,Chromosome,https://ftp.ncbi.nlm.nih.gov/genomes/all/GCF/002/368/435/GCF_002368435.1_ASM236843v1/GCF_002368435.1_ASM236843v1_protein.faa.gz,Scytonema sp. NIES-4073,Scytonema,Scytonemataceae,unknown,Nostocales,unknown,Cyanobacteria
33,GCF_003846445.1,Synechococcus elongatus PCC 11801,2219813,32046,Chromosome,https://ftp.ncbi.nlm.nih.gov/genomes/all/GCF/003/846/445/GCF_003846445.1_ASM384644v1/GCF_003846445.1_ASM384644v1_protein.faa.gz,Synechococcus elongatus PCC 11801,Synechococcus,Synechococcaceae,unknown,Synechococcales,unknown,Cyanobacteria
34,GCF_005577135.1,Synechococcus sp. PCC 11901,2579791,2579791,Chromosome,https://ftp.ncbi.nlm.nih.gov/genomes/all/GCF/005/577/135/GCF_005577135.1_ASM557713v1/GCF_005577135.1_ASM557713v1_protein.faa.gz,Synechococcus sp. PCC 11901,Synechococcus,Synechococcaceae,unknown,Synechococcales,unknown,Cyanobacteria
35,GCF_006968745.1,Brasilonema sennae CENA114,415709,1397703,Chromosome,https://ftp.ncbi.nlm.nih.gov/genomes/all/GCF/006/968/745/GCF_006968745.1_ASM696874v1/GCF_006968745.1_ASM696874v1_protein.faa.gz,Brasilonema sennae CENA114,Brasilonema,Scytonemataceae,unknown,Nostocales,unknown,Cyanobacteria
36,GCF_009498715.1,Synechococcus elongatus PCC 11802,2283154,32046,Chromosome,https://ftp.ncbi.nlm.nih.gov/genomes/all/GCF/009/498/715/GCF_009498715.1_ASM949871v1/GCF_009498715.1_ASM949871v1_protein.faa.gz,Synechococcus elongatus PCC 11802,Synechococcus,Synechococcaceae,unknown,Synechococcales,unknown,Cyanobacteria
37,GCF_010222815.1,Synechocystis sp. CACIAM 05,1933929,1933929,Chromosome,https://ftp.ncbi.nlm.nih.gov/genomes/all/GCF/010/222/815/GCF_010222815.1_ASM1022281v1/GCF_010222815.1_ASM1022281v1_protein.faa.gz,Synechocystis sp. CACIAM 05,Synechocystis,Merismopediaceae,unknown,Synechococcales,unknown,Cyanobacteria
38,GCF_014217855.1,Synechococcus sp. HK01-R,2751171,2751171,Chromosome,https://ftp.ncbi.nlm.nih.gov/genomes/all/GCF/014/217/855/GCF_014217855.1_ASM1421785v1/GCF_014217855.1_ASM1421785v1_protein.faa.gz,Synechococcus sp. HK01-R,Synechococcus,Synechococcaceae,unknown,Synechococcales,unknown,Cyanobacteria
39,GCF_014279995.1,Synechococcus sp. BIOS-E4-1,1400864,1400864,Chromosome,https://ftp.ncbi.nlm.nih.gov/genomes/all/GCF/014/279/995/GCF_014279995.1_ASM1427999v1/GCF_014279995.1_ASM1427999v1_protein.faa.gz,Synechococcus sp. BIOS-E4-1,Synechococcus,Synechococcaceae,unknown,Synechococcales,unknown,Cyanobacteria
40,GCF_014489865.2,Limnospira fusiformis KN01,2759955,54297,Chromosome,https://ftp.ncbi.nlm.nih.gov/genomes/all/GCF/014/489/865/GCF_014489865.2_ASM1448986v2/GCF_014489865.2_ASM1448986v2_protein.faa.gz,Limnospira fusiformis KN01,Limnospira,Sirenicapillariaceae,unknown,Oscillatoriales,unknown,Cyanobacteria
41,GCF_015245355.1,Anabaenopsis elenkinii CCIBt3563,2779889,156213,Chromosome,https://ftp.ncbi.nlm.nih.gov/genomes/all/GCF/015/245/355/GCF_015245355.1_ASM1524535v1/GCF_015245355.1_ASM1524535v1_protein.faa.gz,Anabaenopsis elenkinii CCIBt3563,Anabaenopsis,Aphanizomenonaceae,unknown,Nostocales,unknown,Cyanobacteria
42,GCF_018128485.1,Leptolyngbya sp. 7M,2812896,2812896,Chromosome,https://ftp.ncbi.nlm.nih.gov/genomes/all/GCF/018/128/485/GCF_018128485.1_ASM1812848v1/GCF_018128485.1_ASM1812848v1_protein.faa.gz,Leptolyngbya sp. 7M,Leptolyngbya,Leptolyngbyaceae,unknown,Pseudanabaenales,unknown,Cyanobacteria
43,GCF_018502385.1,Synechococcus sp. LA31,2741953,2741953,Chromosome,https://ftp.ncbi.nlm.nih.gov/genomes/all/GCF/018/502/385/GCF_018502385.1_ASM1850238v1/GCF_018502385.1_ASM1850238v1_protein.faa.gz,Synechococcus sp. LA31,Synechococcus,Synechococcaceae,unknown,Synechococcales,unknown,Cyanobacteria
44,GCF_019598945.1,Sphaerospermopsis torques-reginae ITEP-024,984208,984207,Chromosome,https://ftp.ncbi.nlm.nih.gov/genomes/all/GCF/019/598/945/GCF_019598945.1_ASM1959894v1/GCF_019598945.1_ASM1959894v1_protein.faa.gz,Sphaerospermopsis torques-reginae ITEP-024,Sphaerospermopsis,Aphanizomenonaceae,unknown,Nostocales,unknown,Cyanobacteria
45,GCF_023558375.1,Chroococcidiopsis sp. CCMEE 29,155894,155894,Chromosome,https://ftp.ncbi.nlm.nih.gov/genomes/all/GCF/023/558/375/GCF_023558375.1_ASM2355837v1/GCF_023558375.1_ASM2355837v1_protein.faa.gz,Chroococcidiopsis sp. CCMEE 29,Chroococcidiopsis,Chroococcidiopsidaceae,unknown,Chroococcidiopsidales,unknown,Cyanobacteria
46,GCF_900009275.2,Planktothrix rubescens NIVA-CYA 18,329571,59512,Chromosome,https://ftp.ncbi.nlm.nih.gov/genomes/all/GCF/900/009/275/GCF_900009275.2_Planktothrix_rubescens_PCC_7821/GCF_900009275.2_Planktothrix_rubescens_PCC_7821_protein.faa.gz,Planktothrix rubescens NIVA-CYA 18,Planktothrix,Microcoleaceae,unknown,Oscillatoriales,unknown,Cyanobacteria
47,GCF_904830885.1,Planktothrix agardhii,1160,1160,Chromosome,https://ftp.ncbi.nlm.nih.gov/genomes/all/GCF/904/830/885/GCF_904830885.1_P._agardhii_PCC_7811/GCF_904830885.1_P._agardhii_PCC_7811_protein.faa.gz,Planktothrix agardhii,Planktothrix,Microcoleaceae,unknown,Oscillatoriales,unknown,Cyanobacteria
48,GCF_904830945.1,Planktothrix agardhii,1160,1160,Chromosome,https://ftp.ncbi.nlm.nih.gov/genomes/all/GCF/904/830/945/GCF_904830945.1_P._agardhii_No.758/GCF_904830945.1_P._agardhii_No.758_protein.faa.gz,Planktothrix agardhii,Planktothrix,Microcoleaceae,unknown,Oscillatoriales,unknown,Cyanobacteria
49,GCF_904830765.1,Planktothrix agardhii,1160,1160,Complete Genome,https://ftp.ncbi.nlm.nih.gov/genomes/all/GCF/904/830/765/GCF_904830765.1_PA_NIVACYA/GCF_904830765.1_PA_NIVACYA_protein.faa.gz,Planktothrix agardhii,Planktothrix,Microcoleaceae,unknown,Oscillatoriales,unknown,Cyanobacteria
50,GCF_904830775.1,Planktothrix agardhii,1160,1160,Complete Genome,https://ftp.ncbi.nlm.nih.gov/genomes/all/GCF/904/830/775/GCF_904830775.1_P._agardhii_No.2A/GCF_904830775.1_P._agardhii_No.2A_protein.faa.gz,Planktothrix agardhii,Planktothrix,Microcoleaceae,unknown,Oscillatoriales,unknown,Cyanobacteria
51,GCF_904830845.1,Planktothrix agardhii,1160,1160,Complete Genome,https://ftp.ncbi.nlm.nih.gov/genomes/all/GCF/904/830/845/GCF_904830845.1_PA_No.365/GCF_904830845.1_PA_No.365_protein.faa.gz,Planktothrix agardhii,Planktothrix,Microcoleaceae,unknown,Oscillatoriales,unknown,Cyanobacteria
52,GCF_904830855.1,Planktothrix agardhii,1160,1160,Complete Genome,https://ftp.ncbi.nlm.nih.gov/genomes/all/GCF/904/830/855/GCF_904830855.1_PA_No.66/GCF_904830855.1_PA_No.66_protein.faa.gz,Planktothrix agardhii,Planktothrix,Microcoleaceae,unknown,Oscillatoriales,unknown,Cyanobacteria
53,GCF_904830915.1,Planktothrix agardhii,1160,1160,Complete Genome,https://ftp.ncbi.nlm.nih.gov/genomes/all/GCF/904/830/915/GCF_904830915.1_P._agardhii_PCC7805/GCF_904830915.1_P._agardhii_PCC7805_protein.faa.gz,Planktothrix agardhii,Planktothrix,Microcoleaceae,unknown,Oscillatoriales,unknown,Cyanobacteria
54,GCF_904830935.1,Planktothrix agardhii,1160,1160,Complete Genome,https://ftp.ncbi.nlm.nih.gov/genomes/all/GCF/904/830/935/GCF_904830935.1_P._agardhii_No.976/GCF_904830935.1_P._agardhii_No.976_protein.faa.gz,Planktothrix agardhii,Planktothrix,Microcoleaceae,unknown,Oscillatoriales,unknown,Cyanobacteria
55,GCF_904830955.1,Planktothrix tepida,1678309,1678309,Chromosome,https://ftp.ncbi.nlm.nih.gov/genomes/all/GCF/904/830/955/GCF_904830955.1_P._tepida_PCC9214/GCF_904830955.1_P._tepida_PCC9214_protein.faa.gz,Planktothrix tepida,Planktothrix,Microcoleaceae,unknown,Oscillatoriales,unknown,Cyanobacteria
56,GCF_000007925.1,Prochlorococcus marinus subsp. marinus str. CCMP1375,167539,1219,Complete Genome,https://ftp.ncbi.nlm.nih.gov/genomes/all/GCF/000/007/925/GCF_000007925.1_ASM792v1/GCF_000007925.1_ASM792v1_protein.faa.gz,Prochlorococcus marinus subsp. marinus str. CCMP1375,Prochlorococcus,Prochlorococcaceae,unknown,Synechococcales,unknown,Cyanobacteria
57,GCF_000009705.1,Nostoc sp. PCC 7120 = FACHB-418,103690,103690,Complete Genome,https://ftp.ncbi.nlm.nih.gov/genomes/all/GCF/000/009/705/GCF_000009705.1_ASM970v1/GCF_000009705.1_ASM970v1_protein.faa.gz,Nostoc sp. PCC 7120 = FACHB-418,Nostoc,Nostocaceae,unknown,Nostocales,unknown,Cyanobacteria
58,GCF_000009725.1,Synechocystis sp. PCC 6803,1148,1148,Complete Genome,https://ftp.ncbi.nlm.nih.gov/genomes/all/GCF/000/009/725/GCF_000009725.1_ASM972v1/GCF_000009725.1_ASM972v1_protein.faa.gz,Synechocystis sp. PCC 6803,Synechocystis,Merismopediaceae,unknown,Synechococcales,unknown,Cyanobacteria
59,GCF_000270265.1,Synechocystis sp. PCC 6803,1148,1148,Complete Genome,https://ftp.ncbi.nlm.nih.gov/genomes/all/GCF/000/270/265/GCF_000270265.1_ASM27026v1/GCF_000270265.1_ASM27026v1_protein.faa.gz,Synechocystis sp. PCC 6803,Synechocystis,Merismopediaceae,unknown,Synechococcales,unknown,Cyanobacteria
60,GCF_000340785.1,Synechocystis sp. PCC 6803,1148,1148,Complete Genome,https://ftp.ncbi.nlm.nih.gov/genomes/all/GCF/000/340/785/GCF_000340785.1_ASM34078v1/GCF_000340785.1_ASM34078v1_protein.faa.gz,Synechocystis sp. PCC 6803,Synechocystis,Merismopediaceae,unknown,Synechococcales,unknown,Cyanobacteria
61,GCF_001318385.1,Synechocystis sp. PCC 6803,1148,1148,Complete Genome,https://ftp.ncbi.nlm.nih.gov/genomes/all/GCF/001/318/385/GCF_001318385.1_ASM131838v1/GCF_001318385.1_ASM131838v1_protein.faa.gz,Synechocystis sp. PCC 6803,Synechocystis,Merismopediaceae,unknown,Synechococcales,unknown,Cyanobacteria
62,GCF_018845095.1,Synechocystis sp. PCC 6803,1148,1148,Complete Genome,https://ftp.ncbi.nlm.nih.gov/genomes/all/GCF/018/845/095/GCF_018845095.1_ASM1884509v1/GCF_018845095.1_ASM1884509v1_protein.faa.gz,Synechocystis sp. PCC 6803,Synechocystis,Merismopediaceae,unknown,Synechococcales,unknown,Cyanobacteria
63,GCF_022869765.1,Synechocystis sp. PCC 6803,1148,1148,Complete Genome,https://ftp.ncbi.nlm.nih.gov/genomes/all/GCF/022/869/765/GCF_022869765.1_ASM2286976v1/GCF_022869765.1_ASM2286976v1_protein.faa.gz,Synechocystis sp. PCC 6803,Synechocystis,Merismopediaceae,unknown,Synechococcales,unknown,Cyanobacteria
64,GCF_000010065.1,Synechococcus elongatus PCC 6301,269084,32046,Complete Genome,https://ftp.ncbi.nlm.nih.gov/genomes/all/GCF/000/010/065/GCF_000010065.1_ASM1006v1/GCF_000010065.1_ASM1006v1_protein.faa.gz,Synechococcus elongatus PCC 6301,Synechococcus,Synechococcaceae,unknown,Synechococcales,unknown,Cyanobacteria
65,GCF_022984195.1,Synechococcus elongatus PCC 6301,269084,32046,Complete Genome,https://ftp.ncbi.nlm.nih.gov/genomes/all/GCF/022/984/195/GCF_022984195.1_ASM2298419v1/GCF_022984195.1_ASM2298419v1_protein.faa.gz,Synechococcus elongatus PCC 6301,Synechococcus,Synechococcaceae,unknown,Synechococcales,unknown,Cyanobacteria
66,GCF_000010625.1,Microcystis aeruginosa NIES-843,449447,1126,Complete Genome,https://ftp.ncbi.nlm.nih.gov/genomes/all/GCF/000/010/625/GCF_000010625.1_ASM1062v1/GCF_000010625.1_ASM1062v1_protein.faa.gz,Microcystis aeruginosa NIES-843,Microcystis,Microcystaceae,unknown,Chroococcales,unknown,Cyanobacteria
67,GCF_000011345.1,Thermosynechococcus vestitus BP-1,197221,146786,Complete Genome,https://ftp.ncbi.nlm.nih.gov/genomes/all/GCF/000/011/345/GCF_000011345.1_ASM1134v1/GCF_000011345.1_ASM1134v1_protein.faa.gz,Thermosynechococcus vestitus BP-1,Thermosynechococcus,Thermosynechococcaceae,unknown,Pseudanabaenales,unknown,Cyanobacteria
68,GCF_000011385.1,Gloeobacter violaceus PCC 7421,251221,33072,Complete Genome,https://ftp.ncbi.nlm.nih.gov/genomes/all/GCF/000/011/385/GCF_000011385.1_ASM1138v1/GCF_000011385.1_ASM1138v1_protein.faa.gz,Gloeobacter violaceus PCC 7421,Gloeobacter,Gloeobacteraceae,unknown,Gloeobacterales,Gloeobacteria,Cyanobacteria
69,GCF_000011465.1,Prochlorococcus marinus subsp. pastoris str. CCMP1986,59919,1219,Complete Genome,https://ftp.ncbi.nlm.nih.gov/genomes/all/GCF/000/011/465/GCF_000011465.1_ASM1146v1/GCF_000011465.1_ASM1146v1_protein.faa.gz,Prochlorococcus marinus subsp. pastoris str. CCMP1986,Prochlorococcus,Prochlorococcaceae,unknown,Synechococcales,unknown,Cyanobacteria
70,GCF_000011485.1,Prochlorococcus marinus str. MIT 9313,74547,1219,Complete Genome,https://ftp.ncbi.nlm.nih.gov/genomes/all/GCF/000/011/485/GCF_000011485.1_ASM1148v1/GCF_000011485.1_ASM1148v1_protein.faa.gz,Prochlorococcus marinus str. MIT 9313,Prochlorococcus,Prochlorococcaceae,unknown,Synechococcales,unknown,Cyanobacteria
71,GCF_000012465.1,Prochlorococcus marinus str. NATL2A,59920,1219,Complete Genome,https://ftp.ncbi.nlm.nih.gov/genomes/all/GCF/000/012/465/GCF_000012465.1_ASM1246v1/GCF_000012465.1_ASM1246v1_protein.faa.gz,Prochlorococcus marinus str. NATL2A,Prochlorococcus,Prochlorococcaceae,unknown,Synechococcales,unknown,Cyanobacteria
72,GCF_000012505.1,Synechococcus sp. CC9902,316279,316279,Complete Genome,https://ftp.ncbi.nlm.nih.gov/genomes/all/GCF/000/012/505/GCF_000012505.1_ASM1250v1/GCF_000012505.1_ASM1250v1_protein.faa.gz,Synechococcus sp. CC9902,Synechococcus,Synechococcaceae,unknown,Synechococcales,unknown,Cyanobacteria
73,GCF_000012625.1,Synechococcus sp. CC9605,110662,110662,Complete Genome,https://ftp.ncbi.nlm.nih.gov/genomes/all/GCF/000/012/625/GCF_000012625.1_ASM1262v1/GCF_000012625.1_ASM1262v1_protein.faa.gz,Synechococcus sp. CC9605,Synechococcus,Synechococcaceae,unknown,Synechococcales,unknown,Cyanobacteria
74,GCF_000012645.1,Prochlorococcus marinus str. MIT 9312,74546,1219,Complete Genome,https://ftp.ncbi.nlm.nih.gov/genomes/all/GCF/000/012/645/GCF_000012645.1_ASM1264v1/GCF_000012645.1_ASM1264v1_protein.faa.gz,Prochlorococcus marinus str. MIT 9312,Prochlorococcus,Prochlorococcaceae,unknown,Synechococcales,unknown,Cyanobacteria
75,GCF_000013205.1,Synechococcus sp. JA-3-3Ab,321327,321327,Complete Genome,https://ftp.ncbi.nlm.nih.gov/genomes/all/GCF/000/013/205/GCF_000013205.1_ASM1320v1/GCF_000013205.1_ASM1320v1_protein.faa.gz,Synechococcus sp. JA-3-3Ab,Synechococcus,Synechococcaceae,unknown,Synechococcales,unknown,Cyanobacteria
76,GCF_000013225.1,Synechococcus sp. JA-2-3B'a(2-13),321332,321332,Complete Genome,https://ftp.ncbi.nlm.nih.gov/genomes/all/GCF/000/013/225/GCF_000013225.1_ASM1322v1/GCF_000013225.1_ASM1322v1_protein.faa.gz,Synechococcus sp. JA-2-3B'a(2-13),Synechococcus,Synechococcaceae,unknown,Synechococcales,unknown,Cyanobacteria
77,GCF_000014585.1,Synechococcus sp. CC9311,64471,64471,Complete Genome,https://ftp.ncbi.nlm.nih.gov/genomes/all/GCF/000/014/585/GCF_000014585.1_ASM1458v1/GCF_000014585.1_ASM1458v1_protein.faa.gz,Synechococcus sp. CC9311,Synechococcus,Synechococcaceae,unknown,Synechococcales,unknown,Cyanobacteria
78,GCF_000015645.1,Prochlorococcus marinus str. AS9601,146891,1219,Complete Genome,https://ftp.ncbi.nlm.nih.gov/genomes/all/GCF/000/015/645/GCF_000015645.1_ASM1564v1/GCF_000015645.1_ASM1564v1_protein.faa.gz,Prochlorococcus marinus str. AS9601,Prochlorococcus,Prochlorococcaceae,unknown,Synechococcales,unknown,Cyanobacteria
79,GCF_000015665.1,Prochlorococcus marinus str. MIT 9515,167542,1219,Complete Genome,https://ftp.ncbi.nlm.nih.gov/genomes/all/GCF/000/015/665/GCF_000015665.1_ASM1566v1/GCF_000015665.1_ASM1566v1_protein.faa.gz,Prochlorococcus marinus str. MIT 9515,Prochlorococcus,Prochlorococcaceae,unknown,Synechococcales,unknown,Cyanobacteria
80,GCF_000015685.1,Prochlorococcus marinus str. NATL1A,167555,1219,Complete Genome,https://ftp.ncbi.nlm.nih.gov/genomes/all/GCF/000/015/685/GCF_000015685.1_ASM1568v1/GCF_000015685.1_ASM1568v1_protein.faa.gz,Prochlorococcus marinus str. NATL1A,Prochlorococcus,Prochlorococcaceae,unknown,Synechococcales,unknown,Cyanobacteria
81,GCF_000015705.1,Prochlorococcus marinus str. MIT 9303,59922,1219,Complete Genome,https://ftp.ncbi.nlm.nih.gov/genomes/all/GCF/000/015/705/GCF_000015705.1_ASM1570v1/GCF_000015705.1_ASM1570v1_protein.faa.gz,Prochlorococcus marinus str. MIT 9303,Prochlorococcus,Prochlorococcaceae,unknown,Synechococcales,unknown,Cyanobacteria
82,GCF_000015965.1,Prochlorococcus marinus str. MIT 9301,167546,1219,Complete Genome,https://ftp.ncbi.nlm.nih.gov/genomes/all/GCF/000/015/965/GCF_000015965.1_ASM1596v1/GCF_000015965.1_ASM1596v1_protein.faa.gz,Prochlorococcus marinus str. MIT 9301,Prochlorococcus,Prochlorococcaceae,unknown,Synechococcales,unknown,Cyanobacteria
83,GCF_000017845.1,Crocosphaera subtropica ATCC 51142,43989,2546360,Complete Genome,https://ftp.ncbi.nlm.nih.gov/genomes/all/GCF/000/017/845/GCF_000017845.1_ASM1784v1/GCF_000017845.1_ASM1784v1_protein.faa.gz,Crocosphaera subtropica ATCC 51142,Crocosphaera,Aphanothecaceae,unknown,Chroococcales,unknown,Cyanobacteria
84,GCF_000018065.1,Prochlorococcus marinus str. MIT 9215,93060,1219,Complete Genome,https://ftp.ncbi.nlm.nih.gov/genomes/all/GCF/000/018/065/GCF_000018065.1_ASM1806v1/GCF_000018065.1_ASM1806v1_protein.faa.gz,Prochlorococcus marinus str. MIT 9215,Prochlorococcus,Prochlorococcaceae,unknown,Synechococcales,unknown,Cyanobacteria
85,GCF_000018105.1,Acaryochloris marina MBIC11017,329726,155978,Complete Genome,https://ftp.ncbi.nlm.nih.gov/genomes/all/GCF/000/018/105/GCF_000018105.1_ASM1810v1/GCF_000018105.1_ASM1810v1_protein.faa.gz,Acaryochloris marina MBIC11017,Acaryochloris,Acaryochloridaceae,unknown,Synechococcales,unknown,Cyanobacteria
86,GCF_000019485.1,Synechococcus sp. PCC 7002,32049,32049,Complete Genome,https://ftp.ncbi.nlm.nih.gov/genomes/all/GCF/000/019/485/GCF_000019485.1_ASM1948v1/GCF_000019485.1_ASM1948v1_protein.faa.gz,Synechococcus sp. PCC 7002,Synechococcus,Synechococcaceae,unknown,Synechococcales,unknown,Cyanobacteria
87,GCF_000020025.1,Nostoc punctiforme PCC 73102,63737,272131,Complete Genome,https://ftp.ncbi.nlm.nih.gov/genomes/all/GCF/000/020/025/GCF_000020025.1_ASM2002v1/GCF_000020025.1_ASM2002v1_protein.faa.gz,Nostoc punctiforme PCC 73102,Nostoc,Nostocaceae,unknown,Nostocales,unknown,Cyanobacteria
88,GCF_000021805.1,Rippkaea orientalis PCC 8801,41431,2546366,Complete Genome,https://ftp.ncbi.nlm.nih.gov/genomes/all/GCF/000/021/805/GCF_000021805.1_ASM2180v1/GCF_000021805.1_ASM2180v1_protein.faa.gz,Rippkaea orientalis PCC 8801,Rippkaea,Aphanothecaceae,unknown,Chroococcales,unknown,Cyanobacteria
89,GCF_000021825.1,Gloeothece citriformis PCC 7424,65393,2546356,Complete Genome,https://ftp.ncbi.nlm.nih.gov/genomes/all/GCF/000/021/825/GCF_000021825.1_ASM2182v1/GCF_000021825.1_ASM2182v1_protein.faa.gz,Gloeothece citriformis PCC 7424,Gloeothece,Aphanothecaceae,unknown,Chroococcales,unknown,Cyanobacteria
90,GCF_000025125.1,Candidatus Atelocyanobacterium thalassa isolate ALOHA,1453429,713887,Complete Genome,https://ftp.ncbi.nlm.nih.gov/genomes/all/GCF/000/025/125/GCF_000025125.1_ASM2512v1/GCF_000025125.1_ASM2512v1_protein.faa.gz,Candidatus Atelocyanobacterium thalassa isolate ALOHA,Candidatus Atelocyanobacterium,Aphanothecaceae,unknown,Chroococcales,unknown,Cyanobacteria
91,GCF_000147335.1,Gloeothece verrucosa PCC 7822,497965,2546359,Complete Genome,https://ftp.ncbi.nlm.nih.gov/genomes/all/GCF/000/147/335/GCF_000147335.1_ASM14733v1/GCF_000147335.1_ASM14733v1_protein.faa.gz,Gloeothece verrucosa PCC 7822,Gloeothece,Aphanothecaceae,unknown,Chroococcales,unknown,Cyanobacteria
92,GCF_000161795.2,Synechococcus sp. WH 8109,166314,166314,Complete Genome,https://ftp.ncbi.nlm.nih.gov/genomes/all/GCF/000/161/795/GCF_000161795.2_ASM16179v2/GCF_000161795.2_ASM16179v2_protein.faa.gz,Synechococcus sp. WH 8109,Synechococcus,Synechococcaceae,unknown,Synechococcales,unknown,Cyanobacteria
93,GCF_000179235.2,Synechococcus sp. CB0101,232348,232348,Complete Genome,https://ftp.ncbi.nlm.nih.gov/genomes/all/GCF/000/179/235/GCF_000179235.2_ASM17923v2/GCF_000179235.2_ASM17923v2_protein.faa.gz,Synechococcus sp. CB0101,Synechococcus,Synechococcaceae,unknown,Synechococcales,unknown,Cyanobacteria
94,GCF_000195975.1,Parasynechococcus marenigrum WH 8102,84588,2881428,Complete Genome,https://ftp.ncbi.nlm.nih.gov/genomes/all/GCF/000/195/975/GCF_000195975.1_ASM19597v1/GCF_000195975.1_ASM19597v1_protein.faa.gz,Parasynechococcus marenigrum WH 8102,Parasynechococcus,Prochlorococcaceae,unknown,Synechococcales,unknown,Cyanobacteria
95,GCF_000196515.1,'Nostoc azollae' 0708,551115,1164,Complete Genome,https://ftp.ncbi.nlm.nih.gov/genomes/all/GCF/000/196/515/GCF_000196515.1_ASM19651v1/GCF_000196515.1_ASM19651v1_protein.faa.gz,'Nostoc azollae' 0708,Trichormus,Nostocaceae,unknown,Nostocales,unknown,Cyanobacteria
96,GCF_000204075.1,Trichormus variabilis ATCC 29413,240292,264691,Complete Genome,https://ftp.ncbi.nlm.nih.gov/genomes/all/GCF/000/204/075/GCF_000204075.1_ASM20407v1/GCF_000204075.1_ASM20407v1_protein.faa.gz,Trichormus variabilis ATCC 29413,Trichormus,Nostocaceae,unknown,Nostocales,unknown,Cyanobacteria
97,GCF_000284135.1,Synechocystis sp. PCC 6803 substr. GT-I,1080228,1148,Complete Genome,https://ftp.ncbi.nlm.nih.gov/genomes/all/GCF/000/284/135/GCF_000284135.1_ASM28413v1/GCF_000284135.1_ASM28413v1_protein.faa.gz,Synechocystis sp. PCC 6803 substr. GT-I,Synechocystis,Merismopediaceae,unknown,Synechococcales,unknown,Cyanobacteria
98,GCF_000284215.1,Synechocystis sp. PCC 6803 substr. PCC-N,1080229,1148,Complete Genome,https://ftp.ncbi.nlm.nih.gov/genomes/all/GCF/000/284/215/GCF_000284215.1_ASM28421v1/GCF_000284215.1_ASM28421v1_protein.faa.gz,Synechocystis sp. PCC 6803 substr. PCC-N,Synechocystis,Merismopediaceae,unknown,Synechococcales,unknown,Cyanobacteria
99,GCF_000284455.1,Synechocystis sp. PCC 6803 substr. PCC-P,1080230,1148,Complete Genome,https://ftp.ncbi.nlm.nih.gov/genomes/all/GCF/000/284/455/GCF_000284455.1_ASM28445v1/GCF_000284455.1_ASM28445v1_protein.faa.gz,Synechocystis sp. PCC 6803 substr. PCC-P,Synechocystis,Merismopediaceae,unknown,Synechococcales,unknown,Cyanobacteria
100,GCF_000312705.1,Anabaena sp. 90,46234,46234,Complete Genome,https://ftp.ncbi.nlm.nih.gov/genomes/all/GCF/000/312/705/GCF_000312705.1_ASM31270v1/GCF_000312705.1_ASM31270v1_protein.faa.gz,Anabaena sp. 90,Anabaena,Nostocaceae,unknown,Nostocales,unknown,Cyanobacteria
101,GCF_000316515.1,Cyanobium gracile PCC 6307,292564,59930,Complete Genome,https://ftp.ncbi.nlm.nih.gov/genomes/all/GCF/000/316/515/GCF_000316515.1_ASM31651v1/GCF_000316515.1_ASM31651v1_protein.faa.gz,Cyanobium gracile PCC 6307,Cyanobium,Prochlorococcaceae,unknown,Synechococcales,unknown,Cyanobacteria
102,GCF_000316575.1,Calothrix sp. PCC 7507,99598,99598,Complete Genome,https://ftp.ncbi.nlm.nih.gov/genomes/all/GCF/000/316/575/GCF_000316575.1_ASM31657v1/GCF_000316575.1_ASM31657v1_protein.faa.gz,Calothrix sp. PCC 7507,Calothrix,Calotrichaceae,unknown,Nostocales,unknown,Cyanobacteria
103,GCF_000316605.1,Leptolyngbya sp. PCC 7376,111781,111781,Complete Genome,https://ftp.ncbi.nlm.nih.gov/genomes/all/GCF/000/316/605/GCF_000316605.1_ASM31660v1/GCF_000316605.1_ASM31660v1_protein.faa.gz,Leptolyngbya sp. PCC 7376,Leptolyngbya,Leptolyngbyaceae,unknown,Pseudanabaenales,unknown,Cyanobacteria
104,GCF_000316625.1,Nostoc sp. PCC 7107,317936,317936,Complete Genome,https://ftp.ncbi.nlm.nih.gov/genomes/all/GCF/000/316/625/GCF_000316625.1_ASM31662v1/GCF_000316625.1_ASM31662v1_protein.faa.gz,Nostoc sp. PCC 7107,Nostoc,Nostocaceae,unknown,Nostocales,unknown,Cyanobacteria
105,GCF_000316645.1,Nostoc sp. PCC 7524,28072,28072,Complete Genome,https://ftp.ncbi.nlm.nih.gov/genomes/all/GCF/000/316/645/GCF_000316645.1_ASM31664v1/GCF_000316645.1_ASM31664v1_protein.faa.gz,Nostoc sp. PCC 7524,Nostoc,Nostocaceae,unknown,Nostocales,unknown,Cyanobacteria
106,GCF_000316665.1,Rivularia sp. PCC 7116,373994,373994,Complete Genome,https://ftp.ncbi.nlm.nih.gov/genomes/all/GCF/000/316/665/GCF_000316665.1_ASM31666v1/GCF_000316665.1_ASM31666v1_protein.faa.gz,Rivularia sp. PCC 7116,Rivularia,Rivulariaceae,unknown,Nostocales,unknown,Cyanobacteria
107,GCF_000316685.1,Synechococcus sp. PCC 6312,195253,195253,Complete Genome,https://ftp.ncbi.nlm.nih.gov/genomes/all/GCF/000/316/685/GCF_000316685.1_ASM31668v1/GCF_000316685.1_ASM31668v1_protein.faa.gz,Synechococcus sp. PCC 6312,Synechococcus,Synechococcaceae,unknown,Synechococcales,unknown,Cyanobacteria
108,GCF_000317025.1,Pleurocapsa sp. PCC 7327,118163,118163,Complete Genome,https://ftp.ncbi.nlm.nih.gov/genomes/all/GCF/000/317/025/GCF_000317025.1_ASM31702v1/GCF_000317025.1_ASM31702v1_protein.faa.gz,Pleurocapsa sp. PCC 7327,Pleurocapsa,Hyellaceae,unknown,Pleurocapsales,unknown,Cyanobacteria
109,GCF_000317045.1,Geitlerinema sp. PCC 7407,1173025,1173025,Complete Genome,https://ftp.ncbi.nlm.nih.gov/genomes/all/GCF/000/317/045/GCF_000317045.1_ASM31704v1/GCF_000317045.1_ASM31704v1_protein.faa.gz,Geitlerinema sp. PCC 7407,Geitlerinema,Coleofasciculaceae,unknown,Oscillatoriales,unknown,Cyanobacteria
110,GCF_000317065.1,Pseudanabaena sp. PCC 7367,82654,82654,Complete Genome,https://ftp.ncbi.nlm.nih.gov/genomes/all/GCF/000/317/065/GCF_000317065.1_ASM31706v1/GCF_000317065.1_ASM31706v1_protein.faa.gz,Pseudanabaena sp. PCC 7367,Pseudanabaena,Pseudanabaenaceae,unknown,Pseudanabaenales,unknown,Cyanobacteria
111,GCF_000317085.1,Synechococcus sp. PCC 7502,1173263,1173263,Complete Genome,https://ftp.ncbi.nlm.nih.gov/genomes/all/GCF/000/317/085/GCF_000317085.1_ASM31708v1/GCF_000317085.1_ASM31708v1_protein.faa.gz,Synechococcus sp. PCC 7502,Synechococcus,Synechococcaceae,unknown,Synechococcales,unknown,Cyanobacteria
112,GCF_000317105.1,Oscillatoria acuminata PCC 6304,56110,118323,Complete Genome,https://ftp.ncbi.nlm.nih.gov/genomes/all/GCF/000/317/105/GCF_000317105.1_ASM31710v1/GCF_000317105.1_ASM31710v1_protein.faa.gz,Oscillatoria acuminata PCC 6304,Oscillatoria,Oscillatoriaceae,unknown,Oscillatoriales,unknown,Cyanobacteria
113,GCF_000317125.1,Chroococcidiopsis thermalis PCC 7203,251229,54299,Complete Genome,https://ftp.ncbi.nlm.nih.gov/genomes/all/GCF/000/317/125/GCF_000317125.1_ASM31712v1/GCF_000317125.1_ASM31712v1_protein.faa.gz,Chroococcidiopsis thermalis PCC 7203,Chroococcidiopsis,Chroococcidiopsidaceae,unknown,Chroococcidiopsidales,unknown,Cyanobacteria
114,GCF_000317435.1,Calothrix sp. PCC 6303,1170562,1170562,Complete Genome,https://ftp.ncbi.nlm.nih.gov/genomes/all/GCF/000/317/435/GCF_000317435.1_ASM31743v1/GCF_000317435.1_ASM31743v1_protein.faa.gz,Calothrix sp. PCC 6303,Calothrix,Calotrichaceae,unknown,Nostocales,unknown,Cyanobacteria
115,GCF_000317475.1,Oscillatoria nigro-viridis PCC 7112,179408,482564,Complete Genome,https://ftp.ncbi.nlm.nih.gov/genomes/all/GCF/000/317/475/GCF_000317475.1_ASM31747v1/GCF_000317475.1_ASM31747v1_protein.faa.gz,Oscillatoria nigro-viridis PCC 7112,Oscillatoria,Oscillatoriaceae,unknown,Oscillatoriales,unknown,Cyanobacteria
116,GCF_000317495.1,Crinalium epipsammum PCC 9333,1173022,241425,Complete Genome,https://ftp.ncbi.nlm.nih.gov/genomes/all/GCF/000/317/495/GCF_000317495.1_ASM31749v1/GCF_000317495.1_ASM31749v1_protein.faa.gz,Crinalium epipsammum PCC 9333,Crinalium,Gomontiellaceae,unknown,Oscillatoriales,unknown,Cyanobacteria
117,GCF_000317515.1,Allocoleopsis franciscana PCC 7113,1173027,2886352,Complete Genome,https://ftp.ncbi.nlm.nih.gov/genomes/all/GCF/000/317/515/GCF_000317515.1_ASM31751v1/GCF_000317515.1_ASM31751v1_protein.faa.gz,Allocoleopsis franciscana PCC 7113,Allocoleopsis,Coleofasciculaceae,unknown,Oscillatoriales,unknown,Cyanobacteria
118,GCF_000317555.1,Gloeocapsa sp. PCC 7428,1173026,1173026,Complete Genome,https://ftp.ncbi.nlm.nih.gov/genomes/all/GCF/000/317/555/GCF_000317555.1_ASM31755v1/GCF_000317555.1_ASM31755v1_protein.faa.gz,Gloeocapsa sp. PCC 7428,Gloeocapsa,Chroococcaceae,unknown,Chroococcales,unknown,Cyanobacteria
119,GCF_000317575.1,Stanieria cyanosphaera PCC 7437,111780,102116,Complete Genome,https://ftp.ncbi.nlm.nih.gov/genomes/all/GCF/000/317/575/GCF_000317575.1_ASM31757v1/GCF_000317575.1_ASM31757v1_protein.faa.gz,Stanieria cyanosphaera PCC 7437,Stanieria,Dermocarpellaceae,unknown,Pleurocapsales,unknown,Cyanobacteria
120,GCF_000317615.1,Dactylococcopsis salina PCC 8305,13035,292566,Complete Genome,https://ftp.ncbi.nlm.nih.gov/genomes/all/GCF/000/317/615/GCF_000317615.1_ASM31761v1/GCF_000317615.1_ASM31761v1_protein.faa.gz,Dactylococcopsis salina PCC 8305,Dactylococcopsis,Synechococcaceae,unknown,Synechococcales,unknown,Cyanobacteria
121,GCF_000317635.1,Halothece sp. PCC 7418,65093,65093,Complete Genome,https://ftp.ncbi.nlm.nih.gov/genomes/all/GCF/000/317/635/GCF_000317635.1_ASM31763v1/GCF_000317635.1_ASM31763v1_protein.faa.gz,Halothece sp. PCC 7418,Halothece,Aphanothecaceae,unknown,Chroococcales,unknown,Cyanobacteria
122,GCF_000317675.1,Cyanobacterium aponinum PCC 10605,755178,379064,Complete Genome,https://ftp.ncbi.nlm.nih.gov/genomes/all/GCF/000/317/675/GCF_000317675.1_ASM31767v1/GCF_000317675.1_ASM31767v1_protein.faa.gz,Cyanobacterium aponinum PCC 10605,Cyanobacterium,Geminocystaceae,unknown,Chroococcales,unknown,Cyanobacteria
123,GCF_000478825.2,Synechocystis sp. PCC 6714,1147,1147,Complete Genome,https://ftp.ncbi.nlm.nih.gov/genomes/all/GCF/000/478/825/GCF_000478825.2_ASM47882v2/GCF_000478825.2_ASM47882v2_protein.faa.gz,Synechocystis sp. PCC 6714,Synechocystis,Merismopediaceae,unknown,Synechococcales,unknown,Cyanobacteria
124,GCF_000484535.1,Gloeobacter kilaueensis JS1,1183438,1416614,Complete Genome,https://ftp.ncbi.nlm.nih.gov/genomes/all/GCF/000/484/535/GCF_000484535.1_ASM48453v1/GCF_000484535.1_ASM48453v1_protein.faa.gz,Gloeobacter kilaueensis JS1,Gloeobacter,Gloeobacteraceae,unknown,Gloeobacterales,Gloeobacteria,Cyanobacteria
125,GCF_000734895.2,Calothrix sp. 336/3,1337936,1337936,Complete Genome,https://ftp.ncbi.nlm.nih.gov/genomes/all/GCF/000/734/895/GCF_000734895.2_ASM73489v2/GCF_000734895.2_ASM73489v2_protein.faa.gz,Calothrix sp. 336/3,Calothrix,Calotrichaceae,unknown,Nostocales,unknown,Cyanobacteria
126,GCF_000737535.1,Synechococcus sp. KORDI-100,1280380,1280380,Complete Genome,https://ftp.ncbi.nlm.nih.gov/genomes/all/GCF/000/737/535/GCF_000737535.1_ASM73753v1/GCF_000737535.1_ASM73753v1_protein.faa.gz,Synechococcus sp. KORDI-100,Synechococcus,Synechococcaceae,unknown,Synechococcales,unknown,Cyanobacteria
127,GCF_000737575.1,Synechococcus sp. KORDI-49,585423,585423,Complete Genome,https://ftp.ncbi.nlm.nih.gov/genomes/all/GCF/000/737/575/GCF_000737575.1_ASM73757v1/GCF_000737575.1_ASM73757v1_protein.faa.gz,Synechococcus sp. KORDI-49,Synechococcus,Synechococcaceae,unknown,Synechococcales,unknown,Cyanobacteria
128,GCF_000737595.1,Synechococcus sp. KORDI-52,585425,585425,Complete Genome,https://ftp.ncbi.nlm.nih.gov/genomes/all/GCF/000/737/595/GCF_000737595.1_ASM73759v1/GCF_000737595.1_ASM73759v1_protein.faa.gz,Synechococcus sp. KORDI-52,Synechococcus,Synechococcaceae,unknown,Synechococcales,unknown,Cyanobacteria
129,GCF_000757845.1,Prochlorococcus sp. MIT 0604,1501268,1501268,Complete Genome,https://ftp.ncbi.nlm.nih.gov/genomes/all/GCF/000/757/845/GCF_000757845.1_ASM75784v1/GCF_000757845.1_ASM75784v1_protein.faa.gz,Prochlorococcus sp. MIT 0604,Prochlorococcus,Prochlorococcaceae,unknown,Synechococcales,unknown,Cyanobacteria
130,GCF_000757865.1,Prochlorococcus sp. MIT 0801,1501269,1501269,Complete Genome,https://ftp.ncbi.nlm.nih.gov/genomes/all/GCF/000/757/865/GCF_000757865.1_ASM75786v1/GCF_000757865.1_ASM75786v1_protein.faa.gz,Prochlorococcus sp. MIT 0801,Prochlorococcus,Prochlorococcaceae,unknown,Synechococcales,unknown,Cyanobacteria
131,GCF_000817325.1,Synechococcus elongatus UTEX 2973,1350461,32046,Complete Genome,https://ftp.ncbi.nlm.nih.gov/genomes/all/GCF/000/817/325/GCF_000817325.1_ASM81732v1/GCF_000817325.1_ASM81732v1_protein.faa.gz,Synechococcus elongatus UTEX 2973,Synechococcus,Synechococcaceae,unknown,Synechococcales,unknown,Cyanobacteria
132,GCF_000829235.1,cyanobacterium endosymbiont of Epithemia turgida isolate EtSB Lake Yunoko,1228987,718217,Complete Genome,https://ftp.ncbi.nlm.nih.gov/genomes/all/GCF/000/829/235/GCF_000829235.1_ASM82923v1/GCF_000829235.1_ASM82923v1_protein.faa.gz,cyanobacterium endosymbiont of Epithemia turgida isolate EtSB Lake Yunoko,unknown,unknown,unknown,unknown,unknown,Cyanobacteria
133,GCF_000981785.2,Microcystis aeruginosa NIES-2549,1641812,1126,Complete Genome,https://ftp.ncbi.nlm.nih.gov/genomes/all/GCF/000/981/785/GCF_000981785.2_ASM98178v2/GCF_000981785.2_ASM98178v2_protein.faa.gz,Microcystis aeruginosa NIES-2549,Microcystis,Microcystaceae,unknown,Chroococcales,unknown,Cyanobacteria
134,GCF_001277295.1,Anabaena sp. WA102,1647413,1647413,Complete Genome,https://ftp.ncbi.nlm.nih.gov/genomes/all/GCF/001/277/295/GCF_001277295.1_ASM127729v1/GCF_001277295.1_ASM127729v1_protein.faa.gz,Anabaena sp. WA102,Anabaena,Nostocaceae,unknown,Nostocales,unknown,Cyanobacteria
135,GCF_001521855.1,Synechococcus sp. PCC 73109,374982,374982,Complete Genome,https://ftp.ncbi.nlm.nih.gov/genomes/all/GCF/001/521/855/GCF_001521855.1_ASM152185v1/GCF_001521855.1_ASM152185v1_protein.faa.gz,Synechococcus sp. PCC 73109,Synechococcus,Synechococcaceae,unknown,Synechococcales,unknown,Cyanobacteria
136,GCF_001548095.1,Geminocystis sp. NIES-3708,1615909,1615909,Complete Genome,https://ftp.ncbi.nlm.nih.gov/genomes/all/GCF/001/548/095/GCF_001548095.1_Gm3709_assembly_1.0/GCF_001548095.1_Gm3709_assembly_1.0_protein.faa.gz,Geminocystis sp. NIES-3708,Geminocystis,Chroococcaceae,unknown,Chroococcales,unknown,Cyanobacteria
137,GCF_001548115.1,Geminocystis sp. NIES-3709,1617448,1617448,Complete Genome,https://ftp.ncbi.nlm.nih.gov/genomes/all/GCF/001/548/115/GCF_001548115.1_Gm3709_assembly_1.0/GCF_001548115.1_Gm3709_assembly_1.0_protein.faa.gz,Geminocystis sp. NIES-3709,Geminocystis,Chroococcaceae,unknown,Chroococcales,unknown,Cyanobacteria
138,GCF_001548375.1,Nostoc sp. NIES-3756,1751286,1751286,Complete Genome,https://ftp.ncbi.nlm.nih.gov/genomes/all/GCF/001/548/375/GCF_001548375.1_ASM154837v1/GCF_001548375.1_ASM154837v1_protein.faa.gz,Nostoc sp. NIES-3756,Nostoc,Nostocaceae,unknown,Nostocales,unknown,Cyanobacteria
139,GCF_001548435.1,Leptolyngbya sp. NIES-3755,1752064,1752064,Complete Genome,https://ftp.ncbi.nlm.nih.gov/genomes/all/GCF/001/548/435/GCF_001548435.1_ASM154843v1/GCF_001548435.1_ASM154843v1_protein.faa.gz,Leptolyngbya sp. NIES-3755,Leptolyngbya,Leptolyngbyaceae,unknown,Pseudanabaenales,unknown,Cyanobacteria
140,GCF_001548455.1,Fischerella sp. NIES-3754,1752063,1752063,Complete Genome,https://ftp.ncbi.nlm.nih.gov/genomes/all/GCF/001/548/455/GCF_001548455.1_ASM154845v1/GCF_001548455.1_ASM154845v1_protein.faa.gz,Fischerella sp. NIES-3754,Fischerella,Hapalosiphonaceae,unknown,Nostocales,unknown,Cyanobacteria
141,GCF_001693255.1,Synechococcus sp. PCC 7003,374981,374981,Complete Genome,https://ftp.ncbi.nlm.nih.gov/genomes/all/GCF/001/693/255/GCF_001693255.1_ASM169325v1/GCF_001693255.1_ASM169325v1_protein.faa.gz,Synechococcus sp. PCC 7003,Synechococcus,Synechococcaceae,unknown,Synechococcales,unknown,Cyanobacteria
142,GCF_001693275.1,Synechococcus sp. PCC 7117,195498,195498,Complete Genome,https://ftp.ncbi.nlm.nih.gov/genomes/all/GCF/001/693/275/GCF_001693275.1_ASM169327v1/GCF_001693275.1_ASM169327v1_protein.faa.gz,Synechococcus sp. PCC 7117,Synechococcus,Synechococcaceae,unknown,Synechococcales,unknown,Cyanobacteria
143,GCF_001693295.1,Synechococcus sp. PCC 8807,195248,195248,Complete Genome,https://ftp.ncbi.nlm.nih.gov/genomes/all/GCF/001/693/295/GCF_001693295.1_ASM169329v1/GCF_001693295.1_ASM169329v1_protein.faa.gz,Synechococcus sp. PCC 8807,Synechococcus,Synechococcaceae,unknown,Synechococcales,unknown,Cyanobacteria
144,GCF_001704955.2,Microcystis aeruginosa NIES-2481,1698524,1126,Complete Genome,https://ftp.ncbi.nlm.nih.gov/genomes/all/GCF/001/704/955/GCF_001704955.2_ASM170495v2/GCF_001704955.2_ASM170495v2_protein.faa.gz,Microcystis aeruginosa NIES-2481,Microcystis,Microcystaceae,unknown,Chroococcales,unknown,Cyanobacteria
145,GCF_001767235.1,Moorena producens PAL-8-15-08-1,1458985,1155739,Complete Genome,https://ftp.ncbi.nlm.nih.gov/genomes/all/GCF/001/767/235/GCF_001767235.1_ASM176723v1/GCF_001767235.1_ASM176723v1_protein.faa.gz,Moorena producens PAL-8-15-08-1,Moorena,Oscillatoriaceae,unknown,Oscillatoriales,unknown,Cyanobacteria
146,GCF_001885215.1,Synechococcus sp. SynAce01,1916956,1916956,Complete Genome,https://ftp.ncbi.nlm.nih.gov/genomes/all/GCF/001/885/215/GCF_001885215.1_ASM188521v1/GCF_001885215.1_ASM188521v1_protein.faa.gz,Synechococcus sp. SynAce01,Synechococcus,Synechococcaceae,unknown,Synechococcales,unknown,Cyanobacteria
147,GCF_002075285.3,Halomicronema hongdechloris C2206,1641165,1209493,Complete Genome,https://ftp.ncbi.nlm.nih.gov/genomes/all/GCF/002/075/285/GCF_002075285.3_ASM207528v3/GCF_002075285.3_ASM207528v3_protein.faa.gz,Halomicronema hongdechloris C2206,Halomicronema,Prochlorotrichaceae,unknown,Pseudanabaenales,unknown,Cyanobacteria
148,GCF_002095975.1,Microcystis aeruginosa PCC 7806SL,1903187,1126,Complete Genome,https://ftp.ncbi.nlm.nih.gov/genomes/all/GCF/002/095/975/GCF_002095975.1_ASM209597v1/GCF_002095975.1_ASM209597v1_protein.faa.gz,Microcystis aeruginosa PCC 7806SL,Microcystis,Microcystaceae,unknown,Chroococcales,unknown,Cyanobacteria
149,GCF_002142475.1,Leptolyngbya boryana IAM M-101,411966,1184,Complete Genome,https://ftp.ncbi.nlm.nih.gov/genomes/all/GCF/002/142/475/GCF_002142475.1_ASM214247v1/GCF_002142475.1_ASM214247v1_protein.faa.gz,Leptolyngbya boryana IAM M-101,Leptolyngbya,Leptolyngbyaceae,unknown,Pseudanabaenales,unknown,Cyanobacteria
150,GCF_002142495.1,Leptolyngbya boryana dg5,1260963,1184,Complete Genome,https://ftp.ncbi.nlm.nih.gov/genomes/all/GCF/002/142/495/GCF_002142495.1_ASM214249v1/GCF_002142495.1_ASM214249v1_protein.faa.gz,Leptolyngbya boryana dg5,Leptolyngbya,Leptolyngbyaceae,unknown,Pseudanabaenales,unknown,Cyanobacteria
151,GCF_002355455.1,Stanieria sp. NIES-3757,1807358,1807358,Complete Genome,https://ftp.ncbi.nlm.nih.gov/genomes/all/GCF/002/355/455/GCF_002355455.1_ASM235545v1/GCF_002355455.1_ASM235545v1_protein.faa.gz,Stanieria sp. NIES-3757,Stanieria,Dermocarpellaceae,unknown,Pleurocapsales,unknown,Cyanobacteria
152,GCF_002356215.1,Synechococcus sp. NIES-970,1827144,1827144,Complete Genome,https://ftp.ncbi.nlm.nih.gov/genomes/all/GCF/002/356/215/GCF_002356215.1_ASM235621v1/GCF_002356215.1_ASM235621v1_protein.faa.gz,Synechococcus sp. NIES-970,Synechococcus,Synechococcaceae,unknown,Synechococcales,unknown,Cyanobacteria
153,GCF_002368175.1,Calothrix sp. NIES-2098,1954171,1954171,Complete Genome,https://ftp.ncbi.nlm.nih.gov/genomes/all/GCF/002/368/175/GCF_002368175.1_ASM236817v1/GCF_002368175.1_ASM236817v1_protein.faa.gz,Calothrix sp. NIES-2098,Calothrix,Calotrichaceae,unknown,Nostocales,unknown,Cyanobacteria
154,GCF_002368255.1,Leptolyngbya boryana NIES-2135,1973484,1184,Complete Genome,https://ftp.ncbi.nlm.nih.gov/genomes/all/GCF/002/368/255/GCF_002368255.1_ASM236825v1/GCF_002368255.1_ASM236825v1_protein.faa.gz,Leptolyngbya boryana NIES-2135,Leptolyngbya,Leptolyngbyaceae,unknown,Pseudanabaenales,unknown,Cyanobacteria
155,GCF_002368355.1,Chondrocystis sp. NIES-4102,2005460,2005460,Complete Genome,https://ftp.ncbi.nlm.nih.gov/genomes/all/GCF/002/368/355/GCF_002368355.1_ASM236835v1/GCF_002368355.1_ASM236835v1_protein.faa.gz,Chondrocystis sp. NIES-4102,Chondrocystis,Chroococcaceae,unknown,Chroococcales,unknown,Cyanobacteria
156,GCF_002368395.1,Calothrix sp. NIES-3974,2005462,2005462,Complete Genome,https://ftp.ncbi.nlm.nih.gov/genomes/all/GCF/002/368/395/GCF_002368395.1_ASM236839v1/GCF_002368395.1_ASM236839v1_protein.faa.gz,Calothrix sp. NIES-3974,Calothrix,Calotrichaceae,unknown,Nostocales,unknown,Cyanobacteria
157,GCF_002368455.1,Calothrix sp. NIES-4071,2005469,2005469,Complete Genome,https://ftp.ncbi.nlm.nih.gov/genomes/all/GCF/002/368/455/GCF_002368455.1_ASM236845v1/GCF_002368455.1_ASM236845v1_protein.faa.gz,Calothrix sp. NIES-4071,Calothrix,Calotrichaceae,unknown,Nostocales,unknown,Cyanobacteria
158,GCF_002754935.1,Thermostichus lividus PCC 6715,1917166,33070,Complete Genome,https://ftp.ncbi.nlm.nih.gov/genomes/all/GCF/002/754/935/GCF_002754935.1_ASM275493v1/GCF_002754935.1_ASM275493v1_protein.faa.gz,Thermostichus lividus PCC 6715,Thermostichus,Thermostichaceae,unknown,Thermostichales,unknown,Cyanobacteria
159,GCF_002813575.1,Nostoc flagelliforme CCNUN1,2038116,1306274,Complete Genome,https://ftp.ncbi.nlm.nih.gov/genomes/all/GCF/002/813/575/GCF_002813575.1_ASM281357v1/GCF_002813575.1_ASM281357v1_protein.faa.gz,Nostoc flagelliforme CCNUN1,Nostoc,Nostocaceae,unknown,Nostocales,unknown,Cyanobacteria
160,GCF_002896875.1,Nostoc sp. CENA543,1869241,1869241,Complete Genome,https://ftp.ncbi.nlm.nih.gov/genomes/all/GCF/002/896/875/GCF_002896875.1_ASM289687v1/GCF_002896875.1_ASM289687v1_protein.faa.gz,Nostoc sp. CENA543,Nostoc,Nostocaceae,unknown,Nostocales,unknown,Cyanobacteria
161,GCF_002949735.1,Nostoc sp. 'Peltigera membranacea cyanobiont' N6,1261031,1261031,Complete Genome,https://ftp.ncbi.nlm.nih.gov/genomes/all/GCF/002/949/735/GCF_002949735.1_ASM294973v1/GCF_002949735.1_ASM294973v1_protein.faa.gz,Nostoc sp. 'Peltigera membranacea cyanobiont' N6,Nostoc,Nostocaceae,unknown,Nostocales,unknown,Cyanobacteria
162,GCF_002949795.1,Nostoc sp. 'Lobaria pulmonaria (5183) cyanobiont',1618022,1618022,Complete Genome,https://ftp.ncbi.nlm.nih.gov/genomes/all/GCF/002/949/795/GCF_002949795.1_ASM294979v1/GCF_002949795.1_ASM294979v1_protein.faa.gz,Nostoc sp. 'Lobaria pulmonaria (5183) cyanobiont',Nostoc,Nostocaceae,unknown,Nostocales,unknown,Cyanobacteria
163,GCF_003015225.1,Synechocystis sp. IPPAS B-1465,2116702,2116702,Complete Genome,https://ftp.ncbi.nlm.nih.gov/genomes/all/GCF/003/015/225/GCF_003015225.1_ASM301522v1/GCF_003015225.1_ASM301522v1_protein.faa.gz,Synechocystis sp. IPPAS B-1465,Synechocystis,Merismopediaceae,unknown,Synechococcales,unknown,Cyanobacteria
164,GCF_003019735.1,Microcystis sp. MC19,1967666,1967666,Complete Genome,https://ftp.ncbi.nlm.nih.gov/genomes/all/GCF/003/019/735/GCF_003019735.1_ASM301973v1/GCF_003019735.1_ASM301973v1_protein.faa.gz,Microcystis sp. MC19,Microcystis,Microcystaceae,unknown,Chroococcales,unknown,Cyanobacteria
165,GCF_003054475.1,Nodularia spumigena UHCC 0039,1914872,70799,Complete Genome,https://ftp.ncbi.nlm.nih.gov/genomes/all/GCF/003/054/475/GCF_003054475.1_ASM305447v1/GCF_003054475.1_ASM305447v1_protein.faa.gz,Nodularia spumigena UHCC 0039,Nodularia,Aphanizomenonaceae,unknown,Nostocales,unknown,Cyanobacteria
166,GCF_003367075.2,Cylindrospermopsis raciborskii Cr2010,2108055,77022,Complete Genome,https://ftp.ncbi.nlm.nih.gov/genomes/all/GCF/003/367/075/GCF_003367075.2_ASM336707v2/GCF_003367075.2_ASM336707v2_protein.faa.gz,Cylindrospermopsis raciborskii Cr2010,Cylindrospermopsis,Aphanizomenonaceae,unknown,Nostocales,unknown,Cyanobacteria
167,GCF_003443655.1,Nostoc sphaeroides,446679,446679,Complete Genome,https://ftp.ncbi.nlm.nih.gov/genomes/all/GCF/003/443/655/GCF_003443655.1_ASM344365v1/GCF_003443655.1_ASM344365v1_protein.faa.gz,Nostoc sphaeroides,Nostoc,Nostocaceae,unknown,Nostocales,unknown,Cyanobacteria
168,GCF_003555505.1,Thermosynechococcus elongatus PKUAC-SCTE542,2016101,146786,Complete Genome,https://ftp.ncbi.nlm.nih.gov/genomes/all/GCF/003/555/505/GCF_003555505.1_ASM355550v2/GCF_003555505.1_ASM355550v2_protein.faa.gz,Thermosynechococcus elongatus PKUAC-SCTE542,Thermosynechococcus,Thermosynechococcaceae,unknown,Pseudanabaenales,unknown,Cyanobacteria
169,GCF_003574135.1,cyanobacterium endosymbiont of Rhopalodia gibberula,1763363,1763363,Complete Genome,https://ftp.ncbi.nlm.nih.gov/genomes/all/GCF/003/574/135/GCF_003574135.1_ASM357413v1/GCF_003574135.1_ASM357413v1_protein.faa.gz,cyanobacterium endosymbiont of Rhopalodia gibberula,unknown,unknown,unknown,unknown,unknown,Cyanobacteria
170,GCF_003945305.1,Microcystis viridis NIES-102,213615,44822,Complete Genome,https://ftp.ncbi.nlm.nih.gov/genomes/all/GCF/003/945/305/GCF_003945305.1_ASM394530v1/GCF_003945305.1_ASM394530v1_protein.faa.gz,Microcystis viridis NIES-102,Microcystis,Microcystaceae,unknown,Chroococcales,unknown,Cyanobacteria
171,GCF_003957805.1,Synechococcus elongatus UTEX 3055,2479200,32046,Complete Genome,https://ftp.ncbi.nlm.nih.gov/genomes/all/GCF/003/957/805/GCF_003957805.1_ASM395780v1/GCF_003957805.1_ASM395780v1_protein.faa.gz,Synechococcus elongatus UTEX 3055,Synechococcus,Synechococcaceae,unknown,Synechococcales,unknown,Cyanobacteria
172,GCF_003967015.1,Pseudanabaena sp. ABRG5-3,685565,685565,Complete Genome,https://ftp.ncbi.nlm.nih.gov/genomes/all/GCF/003/967/015/GCF_003967015.1_ASM396701v1/GCF_003967015.1_ASM396701v1_protein.faa.gz,Pseudanabaena sp. ABRG5-3,Pseudanabaena,Pseudanabaenaceae,unknown,Pseudanabaenales,unknown,Cyanobacteria
173,GCF_004209775.1,Synechococcus sp. WH 8101,59932,59932,Complete Genome,https://ftp.ncbi.nlm.nih.gov/genomes/all/GCF/004/209/775/GCF_004209775.1_ASM420977v1/GCF_004209775.1_ASM420977v1_protein.faa.gz,Synechococcus sp. WH 8101,Synechococcus,Synechococcaceae,unknown,Synechococcales,unknown,Cyanobacteria
174,GCF_014304795.1,Synechococcus sp. WH 8101,59932,59932,Complete Genome,https://ftp.ncbi.nlm.nih.gov/genomes/all/GCF/014/304/795/GCF_014304795.1_ASM1430479v1/GCF_014304795.1_ASM1430479v1_protein.faa.gz,Synechococcus sp. WH 8101,Synechococcus,Synechococcaceae,unknown,Synechococcales,unknown,Cyanobacteria
175,GCF_007904085.1,Euhalothece natronophila Z-M001,522448,577489,Complete Genome,https://ftp.ncbi.nlm.nih.gov/genomes/all/GCF/007/904/085/GCF_007904085.1_ASM790408v1/GCF_007904085.1_ASM790408v1_protein.faa.gz,Euhalothece natronophila Z-M001,Euhalothece,Aphanothecaceae,unknown,Chroococcales,unknown,Cyanobacteria
176,GCF_008121535.1,Dolichospermum sp. UHCC 0315A,1914871,1914871,Complete Genome,https://ftp.ncbi.nlm.nih.gov/genomes/all/GCF/008/121/535/GCF_008121535.1_ASM812153v1/GCF_008121535.1_ASM812153v1_protein.faa.gz,Dolichospermum sp. UHCC 0315A,Dolichospermum,Aphanizomenonaceae,unknown,Nostocales,unknown,Cyanobacteria
177,GCF_008386235.1,Thermosynechococcus sp. CL-1,2583530,2583530,Complete Genome,https://ftp.ncbi.nlm.nih.gov/genomes/all/GCF/008/386/235/GCF_008386235.1_ASM838623v1/GCF_008386235.1_ASM838623v1_protein.faa.gz,Thermosynechococcus sp. CL-1,Thermosynechococcus,Thermosynechococcaceae,unknown,Pseudanabaenales,unknown,Cyanobacteria
178,GCF_008807075.1,Synechococcus sp. RSCCF101,2511069,2511069,Complete Genome,https://ftp.ncbi.nlm.nih.gov/genomes/all/GCF/008/807/075/GCF_008807075.1_ASM880707v1/GCF_008807075.1_ASM880707v1_protein.faa.gz,Synechococcus sp. RSCCF101,Synechococcus,Synechococcaceae,unknown,Synechococcales,unknown,Cyanobacteria
179,GCF_009372195.1,Nostoc sphaeroides CCNUC1,2653204,446679,Complete Genome,https://ftp.ncbi.nlm.nih.gov/genomes/all/GCF/009/372/195/GCF_009372195.1_ASM937219v1/GCF_009372195.1_ASM937219v1_protein.faa.gz,Nostoc sphaeroides CCNUC1,Nostoc,Nostocaceae,unknown,Nostocales,unknown,Cyanobacteria
180,GCF_009498015.1,Anabaena sp. YBS01,2490939,2490939,Complete Genome,https://ftp.ncbi.nlm.nih.gov/genomes/all/GCF/009/498/015/GCF_009498015.1_ASM949801v1/GCF_009498015.1_ASM949801v1_protein.faa.gz,Anabaena sp. YBS01,Anabaena,Nostocaceae,unknown,Nostocales,unknown,Cyanobacteria
181,GCF_009792235.1,Microcystis aeruginosa FD4,2686288,1126,Complete Genome,https://ftp.ncbi.nlm.nih.gov/genomes/all/GCF/009/792/235/GCF_009792235.1_ASM979223v1/GCF_009792235.1_ASM979223v1_protein.faa.gz,Microcystis aeruginosa FD4,Microcystis,Microcystaceae,unknown,Chroococcales,unknown,Cyanobacteria
182,GCF_009856605.1,Trichormus variabilis 0441,375899,264691,Complete Genome,https://ftp.ncbi.nlm.nih.gov/genomes/all/GCF/009/856/605/GCF_009856605.1_ASM985660v1/GCF_009856605.1_ASM985660v1_protein.faa.gz,Trichormus variabilis 0441,Trichormus,Nostocaceae,unknown,Nostocales,unknown,Cyanobacteria
183,GCF_009873495.1,Nostoc sp. ATCC 53789,76335,76335,Complete Genome,https://ftp.ncbi.nlm.nih.gov/genomes/all/GCF/009/873/495/GCF_009873495.1_ASM987349v1/GCF_009873495.1_ASM987349v1_protein.faa.gz,Nostoc sp. ATCC 53789,Nostoc,Nostocaceae,unknown,Nostocales,unknown,Cyanobacteria
184,GCF_010196425.1,Microcystis aeruginosa NIES-298,449468,1126,Complete Genome,https://ftp.ncbi.nlm.nih.gov/genomes/all/GCF/010/196/425/GCF_010196425.1_ASM1019642v1/GCF_010196425.1_ASM1019642v1_protein.faa.gz,Microcystis aeruginosa NIES-298,Microcystis,Microcystaceae,unknown,Chroococcales,unknown,Cyanobacteria
185,GCF_011769525.1,Tolypothrix sp. PCC 7910,2099387,2099387,Complete Genome,https://ftp.ncbi.nlm.nih.gov/genomes/all/GCF/011/769/525/GCF_011769525.1_ASM1176952v1/GCF_011769525.1_ASM1176952v1_protein.faa.gz,Tolypothrix sp. PCC 7910,Tolypothrix,Tolypothrichaceae,unknown,Nostocales,unknown,Cyanobacteria
186,GCF_012295525.1,Oxynema aestuarii AP17,2064643,2874213,Complete Genome,https://ftp.ncbi.nlm.nih.gov/genomes/all/GCF/012/295/525/GCF_012295525.1_ASM1229552v1/GCF_012295525.1_ASM1229552v1_protein.faa.gz,Oxynema aestuarii AP17,Oxynema,Microcoleaceae,unknown,Oscillatoriales,unknown,Cyanobacteria
187,GCF_012516395.1,Dolichospermum flos-aquae CCAP 1403/13F,315271,1166,Complete Genome,https://ftp.ncbi.nlm.nih.gov/genomes/all/GCF/012/516/395/GCF_012516395.1_ASM1251639v1/GCF_012516395.1_ASM1251639v1_protein.faa.gz,Dolichospermum flos-aquae CCAP 1403/13F,Dolichospermum,Aphanizomenonaceae,unknown,Nostocales,unknown,Cyanobacteria
188,GCF_013177315.1,Thermoleptolyngbya sichuanensis PKUAC-SCTA183,2737172,2885951,Complete Genome,https://ftp.ncbi.nlm.nih.gov/genomes/all/GCF/013/177/315/GCF_013177315.1_ASM1317731v1/GCF_013177315.1_ASM1317731v1_protein.faa.gz,Thermoleptolyngbya sichuanensis PKUAC-SCTA183,Thermoleptolyngbya,Oculatellaceae,unknown,Pseudanabaenales,unknown,Cyanobacteria
189,GCF_013343235.1,Nostoc sp. TCL240-02,2572090,2572090,Complete Genome,https://ftp.ncbi.nlm.nih.gov/genomes/all/GCF/013/343/235/GCF_013343235.1_ASM1334323v1/GCF_013343235.1_ASM1334323v1_protein.faa.gz,Nostoc sp. TCL240-02,Nostoc,Nostocaceae,unknown,Nostocales,unknown,Cyanobacteria
190,GCF_013393905.1,Nostoc sp. C052,2576902,2576902,Complete Genome,https://ftp.ncbi.nlm.nih.gov/genomes/all/GCF/013/393/905/GCF_013393905.1_ASM1339390v1/GCF_013393905.1_ASM1339390v1_protein.faa.gz,Nostoc sp. C052,Nostoc,Nostocaceae,unknown,Nostocales,unknown,Cyanobacteria
191,GCF_013393925.1,Nostoc sp. C057,2576903,2576903,Complete Genome,https://ftp.ncbi.nlm.nih.gov/genomes/all/GCF/013/393/925/GCF_013393925.1_ASM1339392v1/GCF_013393925.1_ASM1339392v1_protein.faa.gz,Nostoc sp. C057,Nostoc,Nostocaceae,unknown,Nostocales,unknown,Cyanobacteria
192,GCF_013393945.1,Nostoc sp. TCL26-01,2576904,2576904,Complete Genome,https://ftp.ncbi.nlm.nih.gov/genomes/all/GCF/013/393/945/GCF_013393945.1_ASM1339394v1/GCF_013393945.1_ASM1339394v1_protein.faa.gz,Nostoc sp. TCL26-01,Nostoc,Nostocaceae,unknown,Nostocales,unknown,Cyanobacteria
193,GCF_014023275.1,Nostoc edaphicum CCNP1411,1472755,264686,Complete Genome,https://ftp.ncbi.nlm.nih.gov/genomes/all/GCF/014/023/275/GCF_014023275.1_ASM1402327v1/GCF_014023275.1_ASM1402327v1_protein.faa.gz,Nostoc edaphicum CCNP1411,Nostoc,Nostocaceae,unknown,Nostocales,unknown,Cyanobacteria
194,GCF_014217875.1,Synechococcus sp. LTW-R,2751170,2751170,Complete Genome,https://ftp.ncbi.nlm.nih.gov/genomes/all/GCF/014/217/875/GCF_014217875.1_ASM1421787v1/GCF_014217875.1_ASM1421787v1_protein.faa.gz,Synechococcus sp. LTW-R,Synechococcus,Synechococcaceae,unknown,Synechococcales,unknown,Cyanobacteria
195,GCF_014279535.1,Synechococcus sp. TAK9802,1442558,1442558,Complete Genome,https://ftp.ncbi.nlm.nih.gov/genomes/all/GCF/014/279/535/GCF_014279535.1_ASM1427953v1/GCF_014279535.1_ASM1427953v1_protein.faa.gz,Synechococcus sp. TAK9802,Synechococcus,Synechococcaceae,unknown,Synechococcales,unknown,Cyanobacteria
196,GCF_014279555.1,Synechococcus sp. SYN20,1050714,1050714,Complete Genome,https://ftp.ncbi.nlm.nih.gov/genomes/all/GCF/014/279/555/GCF_014279555.1_ASM1427955v1/GCF_014279555.1_ASM1427955v1_protein.faa.gz,Synechococcus sp. SYN20,Synechococcus,Synechococcaceae,unknown,Synechococcales,unknown,Cyanobacteria
197,GCF_014279595.1,Synechococcus sp. RS9909,221352,221352,Complete Genome,https://ftp.ncbi.nlm.nih.gov/genomes/all/GCF/014/279/595/GCF_014279595.1_ASM1427959v1/GCF_014279595.1_ASM1427959v1_protein.faa.gz,Synechococcus sp. RS9909,Synechococcus,Synechococcaceae,unknown,Synechococcales,unknown,Cyanobacteria
198,GCF_014279615.1,Synechococcus sp. RS9907,221350,221350,Complete Genome,https://ftp.ncbi.nlm.nih.gov/genomes/all/GCF/014/279/615/GCF_014279615.1_ASM1427961v1/GCF_014279615.1_ASM1427961v1_protein.faa.gz,Synechococcus sp. RS9907,Synechococcus,Synechococcaceae,unknown,Synechococcales,unknown,Cyanobacteria
199,GCF_014279635.1,Synechococcus sp. RS9902,221345,221345,Complete Genome,https://ftp.ncbi.nlm.nih.gov/genomes/all/GCF/014/279/635/GCF_014279635.1_ASM1427963v1/GCF_014279635.1_ASM1427963v1_protein.faa.gz,Synechococcus sp. RS9902,Synechococcus,Synechococcaceae,unknown,Synechococcales,unknown,Cyanobacteria
200,GCF_014279655.1,Synechococcus sp. ROS8604,1442557,1442557,Complete Genome,https://ftp.ncbi.nlm.nih.gov/genomes/all/GCF/014/279/655/GCF_014279655.1_ASM1427965v1/GCF_014279655.1_ASM1427965v1_protein.faa.gz,Synechococcus sp. ROS8604,Synechococcus,Synechococcaceae,unknown,Synechococcales,unknown,Cyanobacteria
201,GCF_014279755.1,Synechococcus sp. PROS-U-1,1400866,1400866,Complete Genome,https://ftp.ncbi.nlm.nih.gov/genomes/all/GCF/014/279/755/GCF_014279755.1_ASM1427975v1/GCF_014279755.1_ASM1427975v1_protein.faa.gz,Synechococcus sp. PROS-U-1,Synechococcus,Synechococcaceae,unknown,Synechococcales,unknown,Cyanobacteria
202,GCF_014279775.1,Synechococcus sp. PROS-9-1,1968775,1968775,Complete Genome,https://ftp.ncbi.nlm.nih.gov/genomes/all/GCF/014/279/775/GCF_014279775.1_ASM1427977v1/GCF_014279775.1_ASM1427977v1_protein.faa.gz,Synechococcus sp. PROS-9-1,Synechococcus,Synechococcaceae,unknown,Synechococcales,unknown,Cyanobacteria
203,GCF_014279795.1,Synechococcus sp. PROS-7-1,1442556,1442556,Complete Genome,https://ftp.ncbi.nlm.nih.gov/genomes/all/GCF/014/279/795/GCF_014279795.1_ASM1427979v1/GCF_014279795.1_ASM1427979v1_protein.faa.gz,Synechococcus sp. PROS-7-1,Synechococcus,Synechococcaceae,unknown,Synechococcales,unknown,Cyanobacteria
204,GCF_014279815.1,Synechococcus sp. NOUM97013,1442555,1442555,Complete Genome,https://ftp.ncbi.nlm.nih.gov/genomes/all/GCF/014/279/815/GCF_014279815.1_ASM1427981v1/GCF_014279815.1_ASM1427981v1_protein.faa.gz,Synechococcus sp. NOUM97013,Synechococcus,Synechococcaceae,unknown,Synechococcales,unknown,Cyanobacteria
205,GCF_014279835.1,Synechococcus sp. MVIR-18-1,1386941,1386941,Complete Genome,https://ftp.ncbi.nlm.nih.gov/genomes/all/GCF/014/279/835/GCF_014279835.1_ASM1427983v1/GCF_014279835.1_ASM1427983v1_protein.faa.gz,Synechococcus sp. MVIR-18-1,Synechococcus,Synechococcaceae,unknown,Synechococcales,unknown,Cyanobacteria
206,GCF_014279855.1,Synechococcus sp. Minos11,221341,221341,Complete Genome,https://ftp.ncbi.nlm.nih.gov/genomes/all/GCF/014/279/855/GCF_014279855.1_ASM1427985v1/GCF_014279855.1_ASM1427985v1_protein.faa.gz,Synechococcus sp. Minos11,Synechococcus,Synechococcaceae,unknown,Synechococcales,unknown,Cyanobacteria
207,GCF_014279875.1,Synechococcus sp. MEDNS5,1442554,1442554,Complete Genome,https://ftp.ncbi.nlm.nih.gov/genomes/all/GCF/014/279/875/GCF_014279875.1_ASM1427987v1/GCF_014279875.1_ASM1427987v1_protein.faa.gz,Synechococcus sp. MEDNS5,Synechococcus,Synechococcaceae,unknown,Synechococcales,unknown,Cyanobacteria
208,GCF_014279895.1,Synechococcus sp. M16.1,1442553,1442553,Complete Genome,https://ftp.ncbi.nlm.nih.gov/genomes/all/GCF/014/279/895/GCF_014279895.1_ASM1427989v1/GCF_014279895.1_ASM1427989v1_protein.faa.gz,Synechococcus sp. M16.1,Synechococcus,Synechococcaceae,unknown,Synechococcales,unknown,Cyanobacteria
209,GCF_014279955.1,Synechococcus sp. BMK-MC-1,1442551,1442551,Complete Genome,https://ftp.ncbi.nlm.nih.gov/genomes/all/GCF/014/279/955/GCF_014279955.1_ASM1427995v1/GCF_014279955.1_ASM1427995v1_protein.faa.gz,Synechococcus sp. BMK-MC-1,Synechococcus,Synechococcaceae,unknown,Synechococcales,unknown,Cyanobacteria
210,GCF_014279975.1,Synechococcus sp. BIOS-U3-1,1400865,1400865,Complete Genome,https://ftp.ncbi.nlm.nih.gov/genomes/all/GCF/014/279/975/GCF_014279975.1_ASM1427997v1/GCF_014279975.1_ASM1427997v1_protein.faa.gz,Synechococcus sp. BIOS-U3-1,Synechococcus,Synechococcaceae,unknown,Synechococcales,unknown,Cyanobacteria
211,GCF_014280035.1,Synechococcus sp. A18-25c,1866938,1866938,Complete Genome,https://ftp.ncbi.nlm.nih.gov/genomes/all/GCF/014/280/035/GCF_014280035.1_ASM1428003v1/GCF_014280035.1_ASM1428003v1_protein.faa.gz,Synechococcus sp. A18-25c,Synechococcus,Synechococcaceae,unknown,Synechococcales,unknown,Cyanobacteria
212,GCF_014280075.1,Synechococcus sp. A15-62,1050657,1050657,Complete Genome,https://ftp.ncbi.nlm.nih.gov/genomes/all/GCF/014/280/075/GCF_014280075.1_ASM1428007v1/GCF_014280075.1_ASM1428007v1_protein.faa.gz,Synechococcus sp. A15-62,Synechococcus,Synechococcaceae,unknown,Synechococcales,unknown,Cyanobacteria
213,GCF_014280095.1,Synechococcus sp. A15-60,1050655,1050655,Complete Genome,https://ftp.ncbi.nlm.nih.gov/genomes/all/GCF/014/280/095/GCF_014280095.1_ASM1428009v1/GCF_014280095.1_ASM1428009v1_protein.faa.gz,Synechococcus sp. A15-60,Synechococcus,Synechococcaceae,unknown,Synechococcales,unknown,Cyanobacteria
214,GCF_014280115.1,Synechococcus sp. A15-44,1050646,1050646,Complete Genome,https://ftp.ncbi.nlm.nih.gov/genomes/all/GCF/014/280/115/GCF_014280115.1_ASM1428011v1/GCF_014280115.1_ASM1428011v1_protein.faa.gz,Synechococcus sp. A15-44,Synechococcus,Synechococcaceae,unknown,Synechococcales,unknown,Cyanobacteria
215,GCF_014280215.1,Synechococcus sp. A15-127,1050624,1050624,Complete Genome,https://ftp.ncbi.nlm.nih.gov/genomes/all/GCF/014/280/215/GCF_014280215.1_ASM1428021v1/GCF_014280215.1_ASM1428021v1_protein.faa.gz,Synechococcus sp. A15-127,Synechococcus,Synechococcaceae,unknown,Synechococcales,unknown,Cyanobacteria
216,GCF_014280235.1,Cyanobium sp. NS01,261284,261284,Complete Genome,https://ftp.ncbi.nlm.nih.gov/genomes/all/GCF/014/280/235/GCF_014280235.1_ASM1428023v1/GCF_014280235.1_ASM1428023v1_protein.faa.gz,Cyanobium sp. NS01,Cyanobium,Prochlorococcaceae,unknown,Synechococcales,unknown,Cyanobacteria
217,GCF_014304815.1,Synechococcus sp. MIT S9220,166309,166309,Complete Genome,https://ftp.ncbi.nlm.nih.gov/genomes/all/GCF/014/304/815/GCF_014304815.1_ASM1430481v1/GCF_014304815.1_ASM1430481v1_protein.faa.gz,Synechococcus sp. MIT S9220,Synechococcus,Synechococcaceae,unknown,Synechococcales,unknown,Cyanobacteria
218,GCF_014489415.1,Cylindrospermopsis curvispora GIHE-G1,2666332,747548,Complete Genome,https://ftp.ncbi.nlm.nih.gov/genomes/all/GCF/014/489/415/GCF_014489415.1_ASM1448941v1/GCF_014489415.1_ASM1448941v1_protein.faa.gz,Cylindrospermopsis curvispora GIHE-G1,Cylindrospermopsis,Aphanizomenonaceae,unknown,Nostocales,unknown,Cyanobacteria
219,GCF_015840335.1,Synechococcus sp. CBW1108,1353147,1353147,Complete Genome,https://ftp.ncbi.nlm.nih.gov/genomes/all/GCF/015/840/335/GCF_015840335.1_ASM1584033v1/GCF_015840335.1_ASM1584033v1_protein.faa.gz,Synechococcus sp. CBW1108,Synechococcus,Synechococcaceae,unknown,Synechococcales,unknown,Cyanobacteria
220,GCF_015840525.1,Synechococcus sp. CBW1006,1353138,1353138,Complete Genome,https://ftp.ncbi.nlm.nih.gov/genomes/all/GCF/015/840/525/GCF_015840525.1_ASM1584052v1/GCF_015840525.1_ASM1584052v1_protein.faa.gz,Synechococcus sp. CBW1006,Synechococcus,Synechococcaceae,unknown,Synechococcales,unknown,Cyanobacteria
221,GCF_015840715.1,Synechococcus sp. CBW1004,1353136,1353136,Complete Genome,https://ftp.ncbi.nlm.nih.gov/genomes/all/GCF/015/840/715/GCF_015840715.1_ASM1584071v1/GCF_015840715.1_ASM1584071v1_protein.faa.gz,Synechococcus sp. CBW1004,Synechococcus,Synechococcaceae,unknown,Synechococcales,unknown,Cyanobacteria
222,GCF_015840915.1,Synechococcus sp. CBW1002,1353134,1353134,Complete Genome,https://ftp.ncbi.nlm.nih.gov/genomes/all/GCF/015/840/915/GCF_015840915.1_ASM1584091v1/GCF_015840915.1_ASM1584091v1_protein.faa.gz,Synechococcus sp. CBW1002,Synechococcus,Synechococcaceae,unknown,Synechococcales,unknown,Cyanobacteria
223,GCF_015841355.1,Synechococcus sp. CBW1107,2789857,2789857,Complete Genome,https://ftp.ncbi.nlm.nih.gov/genomes/all/GCF/015/841/355/GCF_015841355.1_ASM1584135v1/GCF_015841355.1_ASM1584135v1_protein.faa.gz,Synechococcus sp. CBW1107,Synechococcus,Synechococcaceae,unknown,Synechococcales,unknown,Cyanobacteria
224,GCF_016403105.1,Leptolyngbya sp. BL0902,1115757,1115757,Complete Genome,https://ftp.ncbi.nlm.nih.gov/genomes/all/GCF/016/403/105/GCF_016403105.1_ASM1640310v1/GCF_016403105.1_ASM1640310v1_protein.faa.gz,Leptolyngbya sp. BL0902,Leptolyngbya,Leptolyngbyaceae,unknown,Pseudanabaenales,unknown,Cyanobacteria
225,GCF_016446395.1,[Phormidium] sp. ETS-05,222819,222819,Complete Genome,https://ftp.ncbi.nlm.nih.gov/genomes/all/GCF/016/446/395/GCF_016446395.1_ASM1644639v1/GCF_016446395.1_ASM1644639v1_protein.faa.gz,[Phormidium] sp. ETS-05,Koinonema,unknown,unknown,Oscillatoriales,unknown,Cyanobacteria
226,GCF_016919485.1,Thermoleptolyngbya sp. PKUAC-SCTB121,2811482,2811482,Complete Genome,https://ftp.ncbi.nlm.nih.gov/genomes/all/GCF/016/919/485/GCF_016919485.1_ASM1691948v1/GCF_016919485.1_ASM1691948v1_protein.faa.gz,Thermoleptolyngbya sp. PKUAC-SCTB121,Thermoleptolyngbya,Oculatellaceae,unknown,Pseudanabaenales,unknown,Cyanobacteria
227,GCF_017086385.1,Thermosynechococcus sp. TA-1,2813673,2813673,Complete Genome,https://ftp.ncbi.nlm.nih.gov/genomes/all/GCF/017/086/385/GCF_017086385.1_ASM1708638v1/GCF_017086385.1_ASM1708638v1_protein.faa.gz,Thermosynechococcus sp. TA-1,Thermosynechococcus,Thermosynechococcaceae,unknown,Pseudanabaenales,unknown,Cyanobacteria
228,GCF_017164015.1,Nostoc sp. UHCC 0702,2814655,2814655,Complete Genome,https://ftp.ncbi.nlm.nih.gov/genomes/all/GCF/017/164/015/GCF_017164015.1_ASM1716401v1/GCF_017164015.1_ASM1716401v1_protein.faa.gz,Nostoc sp. UHCC 0702,Nostoc,Nostocaceae,unknown,Nostocales,unknown,Cyanobacteria
229,GCF_018139025.1,Cylindrospermopsis raciborskii N8,1524929,77022,Complete Genome,https://ftp.ncbi.nlm.nih.gov/genomes/all/GCF/018/139/025/GCF_018139025.1_ASM1813902v1/GCF_018139025.1_ASM1813902v1_protein.faa.gz,Cylindrospermopsis raciborskii N8,Cylindrospermopsis,Aphanizomenonaceae,unknown,Nostocales,unknown,Cyanobacteria
230,GCF_018282115.1,Synechocystis sp. PCC 7338,2732530,2732530,Complete Genome,https://ftp.ncbi.nlm.nih.gov/genomes/all/GCF/018/282/115/GCF_018282115.1_ASM1828211v1/GCF_018282115.1_ASM1828211v1_protein.faa.gz,Synechocystis sp. PCC 7338,Synechocystis,Merismopediaceae,unknown,Synechococcales,unknown,Cyanobacteria
231,GCF_018336915.1,Acaryochloris marina S15,2762553,155978,Complete Genome,https://ftp.ncbi.nlm.nih.gov/genomes/all/GCF/018/336/915/GCF_018336915.1_ASM1833691v1/GCF_018336915.1_ASM1833691v1_protein.faa.gz,Acaryochloris marina S15,Acaryochloris,Acaryochloridaceae,unknown,Synechococcales,unknown,Cyanobacteria
232,GCF_018389385.1,Anthocerotibacter panamensis C109,2778476,2857077,Complete Genome,https://ftp.ncbi.nlm.nih.gov/genomes/all/GCF/018/389/385/GCF_018389385.1_ASM1838938v1/GCF_018389385.1_ASM1838938v1_protein.faa.gz,Anthocerotibacter panamensis C109,Anthocerotibacter,Gloeobacteraceae,unknown,Gloeobacterales,Gloeobacteria,Cyanobacteria
233,GCF_019056575.1,Richelia sinica FACHB-800,1357546,1357545,Complete Genome,https://ftp.ncbi.nlm.nih.gov/genomes/all/GCF/019/056/575/GCF_019056575.1_ASM1905657v1/GCF_019056575.1_ASM1905657v1_protein.faa.gz,Richelia sinica FACHB-800,Richelia,Nostocaceae,unknown,Nostocales,unknown,Cyanobacteria
234,GCF_019704275.1,Microcystis aeruginosa,1126,1126,Complete Genome,https://ftp.ncbi.nlm.nih.gov/genomes/all/GCF/019/704/275/GCF_019704275.1_ASM1970427v1/GCF_019704275.1_ASM1970427v1_protein.faa.gz,Microcystis aeruginosa,Microcystis,Microcystaceae,unknown,Chroococcales,unknown,Cyanobacteria
235,GCF_019891175.1,Leptothermofonsia sichuanensis PKUAC-SCTE412,2016068,2917832,Complete Genome,https://ftp.ncbi.nlm.nih.gov/genomes/all/GCF/019/891/175/GCF_019891175.1_ASM1989117v1/GCF_019891175.1_ASM1989117v1_protein.faa.gz,Leptothermofonsia sichuanensis PKUAC-SCTE412,Leptothermofonsia,Leptolyngbyaceae,unknown,Pseudanabaenales,unknown,Cyanobacteria
236,GCF_019977735.1,Calothrix sp. PCC 7716,2853227,2853227,Complete Genome,https://ftp.ncbi.nlm.nih.gov/genomes/all/GCF/019/977/735/GCF_019977735.1_ASM1997773v1/GCF_019977735.1_ASM1997773v1_protein.faa.gz,Calothrix sp. PCC 7716,Calothrix,Calotrichaceae,unknown,Nostocales,unknown,Cyanobacteria
237,GCF_020091585.1,Kovacikia minuta CCNUW1,2653194,2931930,Complete Genome,https://ftp.ncbi.nlm.nih.gov/genomes/all/GCF/020/091/585/GCF_020091585.1_ASM2009158v1/GCF_020091585.1_ASM2009158v1_protein.faa.gz,Kovacikia minuta CCNUW1,Kovacikia,Leptolyngbyaceae,unknown,Pseudanabaenales,unknown,Cyanobacteria
238,GCF_020885515.1,cyanobacterium endosymbiont of Braarudosphaera bigelowii,1285375,713887,Complete Genome,https://ftp.ncbi.nlm.nih.gov/genomes/all/GCF/020/885/515/GCF_020885515.1_BBES_1.0/GCF_020885515.1_BBES_1.0_protein.faa.gz,cyanobacterium endosymbiont of Braarudosphaera bigelowii,Candidatus Atelocyanobacterium,Aphanothecaceae,unknown,Chroococcales,unknown,Cyanobacteria
239,GCF_021172085.1,Microcystis aeruginosa FACHB-905 = DIANCHI905,267865,1126,Complete Genome,https://ftp.ncbi.nlm.nih.gov/genomes/all/GCF/021/172/085/GCF_021172085.1_ASM2117208v1/GCF_021172085.1_ASM2117208v1_protein.faa.gz,Microcystis aeruginosa FACHB-905 = DIANCHI905,Microcystis,Microcystaceae,unknown,Chroococcales,unknown,Cyanobacteria
240,GCF_021497025.1,Acaryochloris sp. 'Moss Beach',2740837,2740837,Complete Genome,https://ftp.ncbi.nlm.nih.gov/genomes/all/GCF/021/497/025/GCF_021497025.1_ASM2149702v1/GCF_021497025.1_ASM2149702v1_protein.faa.gz,Acaryochloris sp. 'Moss Beach',Acaryochloris,Acaryochloridaceae,unknown,Synechococcales,unknown,Cyanobacteria
241,GCF_021650815.1,Cylindrospermopsis raciborskii KLL07,683357,77022,Complete Genome,https://ftp.ncbi.nlm.nih.gov/genomes/all/GCF/021/650/815/GCF_021650815.1_ASM2165081v1/GCF_021650815.1_ASM2165081v1_protein.faa.gz,Cylindrospermopsis raciborskii KLL07,Cylindrospermopsis,Aphanizomenonaceae,unknown,Nostocales,unknown,Cyanobacteria
242,GCF_022372495.1,Leptolyngbya boryana IU 594,462680,1184,Complete Genome,https://ftp.ncbi.nlm.nih.gov/genomes/all/GCF/022/372/495/GCF_022372495.1_ASM2237249v1/GCF_022372495.1_ASM2237249v1_protein.faa.gz,Leptolyngbya boryana IU 594,Leptolyngbya,Leptolyngbyaceae,unknown,Pseudanabaenales,unknown,Cyanobacteria
243,GCF_022701255.1,Microcoleus vaginatus HSN003,2303329,119532,Complete Genome,https://ftp.ncbi.nlm.nih.gov/genomes/all/GCF/022/701/255/GCF_022701255.1_ASM2270125v1/GCF_022701255.1_ASM2270125v1_protein.faa.gz,Microcoleus vaginatus HSN003,Microcoleus,Microcoleaceae,unknown,Oscillatoriales,unknown,Cyanobacteria
244,GCF_022701275.1,Microcoleus vaginatus PCC 9802,669365,119532,Complete Genome,https://ftp.ncbi.nlm.nih.gov/genomes/all/GCF/022/701/275/GCF_022701275.1_ASM2270127v1/GCF_022701275.1_ASM2270127v1_protein.faa.gz,Microcoleus vaginatus PCC 9802,Microcoleus,Microcoleaceae,unknown,Oscillatoriales,unknown,Cyanobacteria
245,GCF_023546805.1,Chroococcidiopsis sp. CCNUC1,2653189,2653189,Complete Genome,https://ftp.ncbi.nlm.nih.gov/genomes/all/GCF/023/546/805/GCF_023546805.1_ASM2354680v1/GCF_023546805.1_ASM2354680v1_protein.faa.gz,Chroococcidiopsis sp. CCNUC1,Chroococcidiopsis,Chroococcidiopsidaceae,unknown,Chroococcidiopsidales,unknown,Cyanobacteria
246,GCF_023734775.1,Nostoc cf. commune SO-36,449208,1178,Complete Genome,https://ftp.ncbi.nlm.nih.gov/genomes/all/GCF/023/734/775/GCF_023734775.1_ASM2373477v1/GCF_023734775.1_ASM2373477v1_protein.faa.gz,Nostoc cf. commune SO-36,Nostoc,Nostocaceae,unknown,Nostocales,unknown,Cyanobacteria
247,GCF_024584745.1,Dolichospermum heterosporum TAC447,747523,747522,Complete Genome,https://ftp.ncbi.nlm.nih.gov/genomes/all/GCF/024/584/745/GCF_024584745.1_ASM2458474v1/GCF_024584745.1_ASM2458474v1_protein.faa.gz,Dolichospermum heterosporum TAC447,Dolichospermum,Aphanizomenonaceae,unknown,Nostocales,unknown,Cyanobacteria
248,GCF_025200965.1,Arthrospira platensis C1,459495,118562,Complete Genome,https://ftp.ncbi.nlm.nih.gov/genomes/all/GCF/025/200/965/GCF_025200965.1_ASM2520096v1/GCF_025200965.1_ASM2520096v1_protein.faa.gz,Arthrospira platensis C1,Arthrospira,Microcoleaceae,unknown,Oscillatoriales,unknown,Cyanobacteria
249,GCF_900088535.1,Cyanobium sp. NIES-981,1851505,1851505,Complete Genome,https://ftp.ncbi.nlm.nih.gov/genomes/all/GCF/900/088/535/GCF_900088535.1_ASM90008853v1/GCF_900088535.1_ASM90008853v1_protein.faa.gz,Cyanobium sp. NIES-981,Cyanobium,Prochlorococcaceae,unknown,Synechococcales,unknown,Cyanobacteria
250,GCF_904830925.1,Planktothrix pseudagardhii,132604,132604,Complete Genome,https://ftp.ncbi.nlm.nih.gov/genomes/all/GCF/904/830/925/GCF_904830925.1_P._pseudagardhii_No.713/GCF_904830925.1_P._pseudagardhii_No.713_protein.faa.gz,Planktothrix pseudagardhii,Planktothrix,Microcoleaceae,unknown,Oscillatoriales,unknown,Cyanobacteria
